4803            
4               
13              
0               
1               
14              
17409           
0               
0               
0               
17413           
32              
2               
6               
0               
1               

// Volume Independent Parameters
1               
0               
0               
0               
0               
0               
0               
0               
0               
0               
20              
2               
10              
20000           
-96             
0               
0               
0               
0               
-96             
0               
0               
0               
0               
1               
0               
32              
32              
32              
32              
32              
32              
32              
32              
32              
32              
32              
32              
32              
32              
32              
32              
32              
32              
32              
32              
32              
32              
32              
32              
32              
32              
32              
32              
32              
32              
32              
32              
32              
32              
32              
32              
32              
32              
32              
32              
32              
32              
32              
32              
32              
32              
32              
32              
32              
32              
32              
32              
32              
32              
32              
32              
32              
32              
32              
32              
32              
32              
32              
32              
32              
32              
32              
32              
32              
32              
32              
32              
32              
32              
32              
32              
32              
32              
32              
32              
32              
32              
32              
32              
32              
32              
32              
32              
32              
32              
32              
32              
32              
32              
32              
32              
32              
32              
32              
32              
32              
32              
32              
32              
32              
32              
32              
32              
32              
32              
32              
32              
32              
32              
32              
32              
32              
32              
32              
32              
32              
32              
32              
32              
32              
32              
32              
32              
32              
32              
32              
32              
32              
32              
32              
32              
32              
32              
32              
32              
32              
32              
32              
32              
32              
32              
32              
32              
32              
32              
32              
32              
32              
32              
32              
32              
32              
32              
32              
32              
32              
32              
32              
32              
32              
32              
32              
32              
32              
32              
32              
32              
32              
32              
32              
32              
32              
32              
32              
32              
32              
32              
32              
32              
32              
32              
32              
32              
32              
32              
32              
32              
32              
32              
32              
32              
32              
32              
32              
32              
32              
32              
32              
32              
32              
32              
32              
32              
32              
32              
32              
32              
32              
32              
32              
32              
32              
32              
32              
32              
32              
32              
32              
32              
32              
32              
32              
32              
32              
32              
32              
32              
32              
32              
32              
32              
32              
32              
32              
32              
32              
32              
32              
32              
32              
32              
32              
32              
32              
32              
32              
32              
32              
32              
32              
32              
32              
32              
32              
32              
32              
32              
32              
32              
32              
32              
32              
32              
32              
32              
32              
32              
32              
32              
32              
32              
32              
32              
32              
32              
32              
32              
32              
32              
32              
32              
32              
32              
32              
32              
32              
32              
32              
32              
32              
32              
32              
32              
32              
32              
32              
32              
32              
32              
32              
32              
32              
32              
32              
32              
32              
32              
32              
32              
32              
32              
32              
32              
32              
32              
32              
32              
32              
32              
32              
32              
32              
32              
32              
32              
32              
32              
32              
32              
32              
32              
32              
32              
32              
32              
32              
32              
32              
32              
32              
32              
32              
32              
32              
32              
32              
32              
32              
32              
32              
32              
32              
32              
32              
32              
32              
32              
32              
32              
32              
32              
32              
32              
32              
32              
32              
32              
32              
32              
32              
32              
32              
32              
32              
32              
32              
32              
32              
32              
32              
32              
32              
32              
32              
32              
32              
32              
32              
32              
32              
32              
32              
32              
32              
32              
32              
32              
32              
32              
32              
32              
32              
32              
32              
32              
32              
32              
32              
32              
32              
32              
32              
32              
32              
32              
32              
32              
32              
32              
32              
32              
32              
32              
32              
32              
32              
32              
32              
32              
32              
32              
32              
32              
32              
32              
32              
32              
32              
32              
32              
32              
32              
32              
32              
32              
32              
32              
32              
32              
32              
32              
32              
32              
32              
32              
32              
32              
32              
32              
32              
32              
32              
32              
32              
32              
32              
32              
32              
32              
32              
32              
32              
32              
32              
32              
32              
32              
32              
32              
32              
32              
32              
32              
32              
32              
32              
32              
32              
32              
32              
32              
32              
32              
32              
32              
32              
32              
32              
32              
32              
32              
32              
32              
32              
32              
32              
32              
32              
32              
32              
32              
32              
32              
32              
32              
32              
32              
32              
32              
32              
32              
32              
32              
32              
32              
32              
32              
32              
32              
32              
32              
32              
32              
32              
32              
32              
32              
32              
32              
32              
32              
32              
32              
32              
32              
32              
32              
32              
32              
32              
32              
32              
32              
32              
32              
32              
32              
32              
32              
32              
32              
32              
32              
32              
32              
32              
32              
32              
32              
32              
32              
32              
32              
32              
32              
32              
32              
32              
32              
32              
32              
32              
32              
32              
32              
32              
32              
32              
32              
32              
32              
32              
32              
32              
32              
32              
32              
32              
32              
32              
32              
32              
32              
32              
32              
32              
32              
32              
32              
32              
32              
32              
32              
32              
32              
32              
32              
32              
32              
32              
32              
32              
32              
32              
32              
32              
32              
32              
32              
32              
32              
32              
32              
32              
32              
32              
32              
32              
32              
32              
32              
32              
32              
32              
32              
32              
32              
32              
32              
32              
32              
32              
32              
32              
32              
32              
32              
32              
32              
32              
32              
32              
32              
32              
32              
32              
32              
32              
32              
32              
32              
32              
32              
32              
32              
32              
32              
32              
32              
32              
32              
32              
32              
32              
32              
32              
32              
32              
32              
32              
32              
32              
32              
32              
32              
32              
32              
32              
32              
32              
32              
32              
32              
32              
32              
32              
32              
32              
32              
32              
32              
32              
32              
32              
32              
32              
32              
32              
32              
32              
32              
32              
32              
32              
32              
32              
32              
32              
32              
32              
32              
32              
32              
32              
32              
32              
32              
32              
32              
32              
32              
32              
32              
32              
32              
32              
32              
32              
32              
32              
32              
32              
32              
32              
32              
32              
32              
32              
32              
32              
32              
32              
32              
32              
32              
32              
32              
32              
32              
32              
32              
32              
32              
32              
32              
32              
32              
32              
32              
32              
32              
32              
32              
32              
32              
32              
32              
32              
32              
32              
32              
32              
32              
32              
32              
32              
32              
32              
32              
32              
32              
32              
32              
32              
32              
32              
32              
32              
32              
32              
32              
32              
32              
32              
32              
32              
32              
32              
32              
32              
32              
32              
32              
32              
32              
32              
32              
32              
32              
32              
32              
32              
32              
32              
32              
32              
32              
32              
32              
32              
32              
32              
32              
32              
32              
32              
32              
32              
32              
32              
32              
32              
32              
32              
32              
32              
32              
32              
32              
32              
32              
32              
32              
32              
32              
32              
32              
32              
32              
32              
32              
32              
32              
32              
32              
32              
32              
32              
32              
32              
32              
32              
32              
32              
32              
32              
32              
32              
32              
32              
32              
32              
32              
32              
32              
32              
32              
32              
32              
32              
32              
32              
32              
32              
32              
32              
32              
32              
32              
32              
32              
32              
32              
32              
32              
32              
32              
32              
32              
32              
32              
32              
32              
32              
32              
32              
32              
32              
32              
32              
32              
32              
32              
32              
32              
32              
32              
32              
32              
32              
32              
32              
32              
32              
32              
32              
32              
32              
32              
32              
32              
32              
32              
32              
32              
32              
32              
32              
32              
32              
32              
32              
32              
32              
32              
32              
32              
32              
32              
32              
32              
32              
32              
32              
32              
32              
32              
32              
32              
32              
32              
32              
32              
32              
32              
32              
32              
32              
32              
32              
32              
32              
32              
32              
32              
32              
32              
32              
32              
32              
32              
32              
32              
32              
32              
32              
32              
32              
32              
32              
32              
32              
32              
32              
32              
32              
32              
32              
32              
32              
32              
32              
32              
32              
32              
32              
32              
32              
32              
32              
32              
32              
32              
32              
32              
32              
32              
32              
32              
32              
32              
32              
32              
32              
32              
32              
32              
32              
32              
32              
32              
32              
32              
32              
32              
32              
32              
32              
32              
32              
32              
32              
32              
32              
32              
32              
32              
32              
32              
32              
32              
32              
32              
32              
32              
32              
32              
32              
32              
32              
32              
32              
32              
32              
32              
32              
32              
32              
32              
32              
32              
32              
32              
32              
32              
32              
32              
32              
32              
32              
32              
32              
32              
32              
32              
32              
32              
32              
32              
32              
32              
32              
32              
32              
32              
32              
32              
32              
32              
32              
32              
32              
32              
32              
32              
32              
32              
32              
32              
32              
32              
32              
32              
32              
32              
32              
32              
32              
32              
32              
32              
32              
32              
32              
32              
32              
32              
32              
32              
32              
32              
32              
32              
32              
32              
32              
32              
32              
32              
32              
32              
32              
32              
32              
32              
32              
32              
32              
32              
32              
32              
32              
32              
32              
32              
32              
32              
32              
32              
32              
32              
32              
32              
32              
32              
32              
32              
32              
32              
32              
32              
32              
32              
32              
32              
32              
32              
32              
32              
32              
32              
32              
32              
32              
32              
32              
32              
32              
32              
32              
32              
32              
32              
32              
32              
32              
32              
32              
32              
32              
32              
32              
32              
32              
32              
32              
32              
32              
32              
32              
32              
32              
32              
32              
32              
32              
32              
32              
32              
32              
32              
32              
32              
32              
32              
32              
32              
32              
32              
32              
32              
32              
32              
32              
32              
32              
32              
32              
32              
32              
32              
32              
32              
32              
32              
32              
32              
32              
32              
32              
32              
32              
32              
32              
32              
32              
32              
32              
32              
32              
32              
32              
32              
32              
32              
32              
32              
32              
32              
32              
32              
32              
32              
32              
32              
32              
32              
32              
32              
32              
32              
32              
32              
32              
32              
32              
32              
32              
32              
32              
32              
32              
32              
32              
32              
32              
32              
32              
32              
32              
32              
32              
32              
32              
32              
32              
32              
32              
32              
32              
32              
32              
32              
32              
32              
32              
32              
32              
32              
32              
32              
32              
32              
32              
32              
32              
32              
32              
32              
32              
32              
32              
32              
32              
32              
32              
32              
32              
32              
32              
32              
32              
32              
32              
32              
32              
32              
32              
32              
32              
32              
32              
32              
32              
32              
32              
32              
32              
32              
32              
32              
32              
32              
32              
32              
32              
32              
32              
32              
32              
32              
32              
32              
32              
32              
32              
32              
32              
32              
32              
32              
32              
32              
32              
32              
32              
32              
32              
32              
32              
32              
32              
32              
32              
32              
32              
32              
32              
32              
32              
32              
32              
32              
32              
32              
32              
32              
32              
32              
32              
32              
32              
32              
32              
32              
32              
32              
32              
32              
32              
32              
32              
32              
32              
32              
32              
32              
32              
32              
32              
32              
32              
32              
32              
32              
32              
32              
32              
32              
32              
32              
32              
32              
32              
32              
32              
32              
32              
32              
32              
32              
32              
32              
32              
32              
32              
32              
32              
32              
32              
32              
32              
32              
32              
32              
32              
32              
32              
32              
32              
32              
32              
32              
32              
32              
32              
32              
32              
32              
32              
32              
32              
32              
32              
32              
32              
32              
32              
32              
32              
32              
32              
32              
32              
32              
32              
32              
32              
32              
32              
32              
32              
32              
32              
32              
32              
32              
32              
32              
32              
32              
32              
32              
32              
32              
32              
32              
32              
32              
32              
32              
32              
32              
32              
32              
32              
32              
32              
32              
32              
32              
32              
32              
32              
32              
32              
32              
32              
32              
32              
32              
32              
32              
32              
32              
32              
32              
32              
32              
32              
32              
32              
32              
32              
32              
32              
32              
32              
32              
32              
32              
32              
32              
32              
32              
32              
32              
32              
32              
32              
32              
32              
32              
32              
32              
32              
32              
32              
32              
32              
32              
32              
32              
32              
32              
32              
32              
32              
32              
32              
32              
32              
32              
32              
32              
32              
32              
32              
32              
32              
32              
32              
32              
32              
32              
32              
32              
32              
32              
32              
32              
32              
32              
32              
32              
32              
32              
32              
32              
32              
32              
32              
32              
32              
32              
32              
32              
32              
32              
32              
32              
32              
32              
32              
32              
32              
32              
32              
32              
32              
32              
32              
32              
32              
32              
32              
32              
32              
32              
32              
32              
32              
32              
32              
32              
32              
32              
32              
32              
32              
32              
32              
32              
32              
32              
32              
32              
32              
32              
32              
32              
32              
32              
32              
32              
32              
32              
32              
32              
32              
32              
32              
32              
32              
32              
32              
32              
32              
32              
32              
32              
32              
32              
32              
32              
32              
32              
32              
32              
32              
32              
32              
32              
32              
32              
32              
32              
32              
32              
32              
32              
32              
32              
32              
32              
32              
32              
32              
32              
32              
32              
32              
32              
32              
32              
32              
32              
32              
32              
32              
32              
32              
32              
32              
32              
32              
32              
32              
32              
32              
32              
32              
32              
32              
32              
32              
32              
32              
32              
32              
32              
32              
32              
32              
32              
32              
32              
32              
32              
32              
32              
32              
32              
32              
32              
32              
32              
32              
32              
32              
32              
32              
32              
32              
32              
32              
32              
32              
32              
32              
32              
32              
32              
32              
32              
32              
32              
32              
32              
32              
32              
32              
32              
32              
32              
32              
32              
32              
32              
32              
32              
32              
32              
32              
32              
32              
32              
32              
32              
32              
32              
32              
32              
32              
32              
32              
32              
32              
32              
32              
32              
32              
32              
32              
32              
32              
32              
32              
32              
32              
32              
32              
32              
32              
32              
32              
32              
32              
32              
32              
32              
32              
32              
32              
32              
32              
32              
32              
32              
32              
32              
32              
32              
32              
32              
32              
32              
32              
32              
32              
32              
32              
32              
32              
32              
32              
32              
32              
32              
32              
32              
32              
32              
32              
32              
32              
32              
32              
32              
32              
32              
32              
32              
32              
32              
32              
32              
32              
32              
32              
32              
32              
32              
32              
32              
32              
32              
32              
32              
32              
32              
32              
32              
32              
32              
32              
32              
32              
32              
32              
32              
32              
32              
32              
32              
32              
32              
32              
32              
32              
32              
32              
32              
32              
32              
32              
32              
32              
32              
32              
32              
32              
32              
32              
32              
32              
32              
32              
32              
32              
32              
32              
32              
32              
32              
32              
32              
32              
32              
32              
32              
32              
32              
32              
32              
32              
32              
32              
32              
32              
32              
32              
32              
32              
32              
32              
32              
32              
32              
32              
32              
32              
32              
32              
32              
32              
32              
32              
32              
32              
32              
32              
32              
32              
32              
32              
32              
32              
32              
32              
32              
32              
32              
32              
32              
32              
32              
32              
32              
32              
32              
32              
32              
32              
32              
32              
32              
32              
32              
32              
32              
32              
32              
32              
32              
32              
32              
32              
32              
32              
32              
32              
32              
32              
32              
32              
32              
32              
32              
32              
32              
32              
32              
32              
32              
32              
32              
32              
32              
32              
32              
32              
32              
32              
32              
32              
32              
32              
32              
32              
32              
32              
32              
32              
32              
32              
32              
32              
32              
32              
32              
32              
32              
32              
32              
32              
32              
32              
32              
32              
32              
32              
32              
32              
32              
32              
32              
32              
32              
32              
32              
32              
32              
32              
32              
32              
32              
32              
32              
32              
32              
32              
32              
32              
32              
32              
32              
32              
32              
32              
32              
32              
32              
32              
32              
32              
32              
32              
32              
32              
32              
32              
32              
32              
32              
32              
32              
32              
32              
32              
32              
32              
32              
32              
32              
32              
32              
32              
32              
32              
32              
32              
32              
32              
32              
32              
32              
32              
32              
32              
32              
32              
32              
32              
32              
32              
32              
32              
32              
32              
32              
32              
32              
32              
32              
32              
32              
32              
32              
32              
32              
32              
32              
32              
32              
32              
32              
32              
32              
32              
32              
32              
32              
32              
32              
32              
32              
32              
32              
32              
32              
32              
32              
32              
32              
32              
32              
32              
32              
32              
32              
32              
32              
32              
32              
32              
32              
32              
32              
32              
32              
32              
32              
32              
32              
32              
32              
32              
32              
32              
32              
32              
32              
32              
32              
32              
32              
32              
32              
32              
32              
32              
32              
32              
32              
32              
32              
32              
32              
32              
32              
32              
32              
32              
32              
32              
32              
32              
32              
32              
32              
32              
32              
32              
32              
32              
32              
32              
32              
32              
32              
32              
32              
32              
32              
32              
32              
32              
32              
32              
32              
32              
32              
32              
32              
32              
32              
32              
32              
32              
32              
32              
32              
32              
32              
32              
32              
32              
32              
32              
32              
32              
32              
32              
32              
32              
32              
32              
32              
32              
32              
32              
32              
32              
32              
0               
33              
32767           
30              
100             
50              
50              
-48             
-48             
0               
1               
250             
0               
0               
32767           
6               
-15             
15              
-62             // LVAC_LVAC_NoiseSuppression_SystemNoiseProfile_0_0
-62             // LVAC_LVAC_NoiseSuppression_SystemNoiseProfile_0_1
-73             // LVAC_LVAC_NoiseSuppression_SystemNoiseProfile_0_2
-79             // LVAC_LVAC_NoiseSuppression_SystemNoiseProfile_0_3
-84             // LVAC_LVAC_NoiseSuppression_SystemNoiseProfile_0_4
-86             // LVAC_LVAC_NoiseSuppression_SystemNoiseProfile_0_5
-88             // LVAC_LVAC_NoiseSuppression_SystemNoiseProfile_0_6
-90             // LVAC_LVAC_NoiseSuppression_SystemNoiseProfile_0_7
-91             // LVAC_LVAC_NoiseSuppression_SystemNoiseProfile_0_8
-92             // LVAC_LVAC_NoiseSuppression_SystemNoiseProfile_0_9
-93             // LVAC_LVAC_NoiseSuppression_SystemNoiseProfile_0_10
-93             // LVAC_LVAC_NoiseSuppression_SystemNoiseProfile_0_11
-94             // LVAC_LVAC_NoiseSuppression_SystemNoiseProfile_0_12
-95             // LVAC_LVAC_NoiseSuppression_SystemNoiseProfile_0_13
-95             // LVAC_LVAC_NoiseSuppression_SystemNoiseProfile_0_14
-96             // LVAC_LVAC_NoiseSuppression_SystemNoiseProfile_0_15
-96             // LVAC_LVAC_NoiseSuppression_SystemNoiseProfile_0_16
-96             // LVAC_LVAC_NoiseSuppression_SystemNoiseProfile_0_17
-97             // LVAC_LVAC_NoiseSuppression_SystemNoiseProfile_0_18
-97             // LVAC_LVAC_NoiseSuppression_SystemNoiseProfile_0_19
-98             // LVAC_LVAC_NoiseSuppression_SystemNoiseProfile_0_20
-98             // LVAC_LVAC_NoiseSuppression_SystemNoiseProfile_0_21
-98             // LVAC_LVAC_NoiseSuppression_SystemNoiseProfile_0_22
-98             // LVAC_LVAC_NoiseSuppression_SystemNoiseProfile_0_23
-99             // LVAC_LVAC_NoiseSuppression_SystemNoiseProfile_0_24
-99             // LVAC_LVAC_NoiseSuppression_SystemNoiseProfile_0_25
-99             // LVAC_LVAC_NoiseSuppression_SystemNoiseProfile_0_26
-99             // LVAC_LVAC_NoiseSuppression_SystemNoiseProfile_0_27
-100            // LVAC_LVAC_NoiseSuppression_SystemNoiseProfile_0_28
-100            // LVAC_LVAC_NoiseSuppression_SystemNoiseProfile_0_29
-100            // LVAC_LVAC_NoiseSuppression_SystemNoiseProfile_0_30
-100            // LVAC_LVAC_NoiseSuppression_SystemNoiseProfile_0_31
-100            // LVAC_LVAC_NoiseSuppression_SystemNoiseProfile_0_32
-100            // LVAC_LVAC_NoiseSuppression_SystemNoiseProfile_0_33
-100            // LVAC_LVAC_NoiseSuppression_SystemNoiseProfile_0_34
-100            // LVAC_LVAC_NoiseSuppression_SystemNoiseProfile_0_35
-100            // LVAC_LVAC_NoiseSuppression_SystemNoiseProfile_0_36
-101            // LVAC_LVAC_NoiseSuppression_SystemNoiseProfile_0_37
-101            // LVAC_LVAC_NoiseSuppression_SystemNoiseProfile_0_38
-101            // LVAC_LVAC_NoiseSuppression_SystemNoiseProfile_0_39
-101            // LVAC_LVAC_NoiseSuppression_SystemNoiseProfile_0_40
-101            // LVAC_LVAC_NoiseSuppression_SystemNoiseProfile_0_41
-101            // LVAC_LVAC_NoiseSuppression_SystemNoiseProfile_0_42
-102            // LVAC_LVAC_NoiseSuppression_SystemNoiseProfile_0_43
-102            // LVAC_LVAC_NoiseSuppression_SystemNoiseProfile_0_44
-102            // LVAC_LVAC_NoiseSuppression_SystemNoiseProfile_0_45
-102            // LVAC_LVAC_NoiseSuppression_SystemNoiseProfile_0_46
-102            // LVAC_LVAC_NoiseSuppression_SystemNoiseProfile_0_47
-102            // LVAC_LVAC_NoiseSuppression_SystemNoiseProfile_0_48
-103            // LVAC_LVAC_NoiseSuppression_SystemNoiseProfile_0_49
-102            // LVAC_LVAC_NoiseSuppression_SystemNoiseProfile_0_50
-102            // LVAC_LVAC_NoiseSuppression_SystemNoiseProfile_0_51
-102            // LVAC_LVAC_NoiseSuppression_SystemNoiseProfile_0_52
-103            // LVAC_LVAC_NoiseSuppression_SystemNoiseProfile_0_53
-103            // LVAC_LVAC_NoiseSuppression_SystemNoiseProfile_0_54
-103            // LVAC_LVAC_NoiseSuppression_SystemNoiseProfile_0_55
-103            // LVAC_LVAC_NoiseSuppression_SystemNoiseProfile_0_56
-103            // LVAC_LVAC_NoiseSuppression_SystemNoiseProfile_0_57
-103            // LVAC_LVAC_NoiseSuppression_SystemNoiseProfile_0_58
-103            // LVAC_LVAC_NoiseSuppression_SystemNoiseProfile_0_59
-103            // LVAC_LVAC_NoiseSuppression_SystemNoiseProfile_0_60
-103            // LVAC_LVAC_NoiseSuppression_SystemNoiseProfile_0_61
-103            // LVAC_LVAC_NoiseSuppression_SystemNoiseProfile_0_62
-103            // LVAC_LVAC_NoiseSuppression_SystemNoiseProfile_0_63
-104            // LVAC_LVAC_NoiseSuppression_SystemNoiseProfile_0_64
-104            // LVAC_LVAC_NoiseSuppression_SystemNoiseProfile_0_65
-104            // LVAC_LVAC_NoiseSuppression_SystemNoiseProfile_0_66
-104            // LVAC_LVAC_NoiseSuppression_SystemNoiseProfile_0_67
-104            // LVAC_LVAC_NoiseSuppression_SystemNoiseProfile_0_68
-103            // LVAC_LVAC_NoiseSuppression_SystemNoiseProfile_0_69
-104            // LVAC_LVAC_NoiseSuppression_SystemNoiseProfile_0_70
-104            // LVAC_LVAC_NoiseSuppression_SystemNoiseProfile_0_71
-104            // LVAC_LVAC_NoiseSuppression_SystemNoiseProfile_0_72
-104            // LVAC_LVAC_NoiseSuppression_SystemNoiseProfile_0_73
-104            // LVAC_LVAC_NoiseSuppression_SystemNoiseProfile_0_74
-104            // LVAC_LVAC_NoiseSuppression_SystemNoiseProfile_0_75
-104            // LVAC_LVAC_NoiseSuppression_SystemNoiseProfile_0_76
-104            // LVAC_LVAC_NoiseSuppression_SystemNoiseProfile_0_77
-104            // LVAC_LVAC_NoiseSuppression_SystemNoiseProfile_0_78
-104            // LVAC_LVAC_NoiseSuppression_SystemNoiseProfile_0_79
-104            // LVAC_LVAC_NoiseSuppression_SystemNoiseProfile_0_80
-104            // LVAC_LVAC_NoiseSuppression_SystemNoiseProfile_0_81
-104            // LVAC_LVAC_NoiseSuppression_SystemNoiseProfile_0_82
-104            // LVAC_LVAC_NoiseSuppression_SystemNoiseProfile_0_83
-104            // LVAC_LVAC_NoiseSuppression_SystemNoiseProfile_0_84
-104            // LVAC_LVAC_NoiseSuppression_SystemNoiseProfile_0_85
-104            // LVAC_LVAC_NoiseSuppression_SystemNoiseProfile_0_86
-104            // LVAC_LVAC_NoiseSuppression_SystemNoiseProfile_0_87
-105            // LVAC_LVAC_NoiseSuppression_SystemNoiseProfile_0_88
-104            // LVAC_LVAC_NoiseSuppression_SystemNoiseProfile_0_89
-104            // LVAC_LVAC_NoiseSuppression_SystemNoiseProfile_0_90
-105            // LVAC_LVAC_NoiseSuppression_SystemNoiseProfile_0_91
-105            // LVAC_LVAC_NoiseSuppression_SystemNoiseProfile_0_92
-104            // LVAC_LVAC_NoiseSuppression_SystemNoiseProfile_0_93
-105            // LVAC_LVAC_NoiseSuppression_SystemNoiseProfile_0_94
-104            // LVAC_LVAC_NoiseSuppression_SystemNoiseProfile_0_95
-105            // LVAC_LVAC_NoiseSuppression_SystemNoiseProfile_0_96
-105            // LVAC_LVAC_NoiseSuppression_SystemNoiseProfile_0_97
-105            // LVAC_LVAC_NoiseSuppression_SystemNoiseProfile_0_98
-105            // LVAC_LVAC_NoiseSuppression_SystemNoiseProfile_0_99
-105            // LVAC_LVAC_NoiseSuppression_SystemNoiseProfile_0_100
-105            // LVAC_LVAC_NoiseSuppression_SystemNoiseProfile_0_101
-104            // LVAC_LVAC_NoiseSuppression_SystemNoiseProfile_0_102
-105            // LVAC_LVAC_NoiseSuppression_SystemNoiseProfile_0_103
-105            // LVAC_LVAC_NoiseSuppression_SystemNoiseProfile_0_104
-105            // LVAC_LVAC_NoiseSuppression_SystemNoiseProfile_0_105
-105            // LVAC_LVAC_NoiseSuppression_SystemNoiseProfile_0_106
-105            // LVAC_LVAC_NoiseSuppression_SystemNoiseProfile_0_107
-105            // LVAC_LVAC_NoiseSuppression_SystemNoiseProfile_0_108
-105            // LVAC_LVAC_NoiseSuppression_SystemNoiseProfile_0_109
-105            // LVAC_LVAC_NoiseSuppression_SystemNoiseProfile_0_110
-105            // LVAC_LVAC_NoiseSuppression_SystemNoiseProfile_0_111
-105            // LVAC_LVAC_NoiseSuppression_SystemNoiseProfile_0_112
-105            // LVAC_LVAC_NoiseSuppression_SystemNoiseProfile_0_113
-105            // LVAC_LVAC_NoiseSuppression_SystemNoiseProfile_0_114
-105            // LVAC_LVAC_NoiseSuppression_SystemNoiseProfile_0_115
-105            // LVAC_LVAC_NoiseSuppression_SystemNoiseProfile_0_116
-105            // LVAC_LVAC_NoiseSuppression_SystemNoiseProfile_0_117
-105            // LVAC_LVAC_NoiseSuppression_SystemNoiseProfile_0_118
-105            // LVAC_LVAC_NoiseSuppression_SystemNoiseProfile_0_119
-105            // LVAC_LVAC_NoiseSuppression_SystemNoiseProfile_0_120
-105            // LVAC_LVAC_NoiseSuppression_SystemNoiseProfile_0_121
-105            // LVAC_LVAC_NoiseSuppression_SystemNoiseProfile_0_122
-105            // LVAC_LVAC_NoiseSuppression_SystemNoiseProfile_0_123
-105            // LVAC_LVAC_NoiseSuppression_SystemNoiseProfile_0_124
-105            // LVAC_LVAC_NoiseSuppression_SystemNoiseProfile_0_125
-105            // LVAC_LVAC_NoiseSuppression_SystemNoiseProfile_0_126
-105            // LVAC_LVAC_NoiseSuppression_SystemNoiseProfile_0_127
-105            // LVAC_LVAC_NoiseSuppression_SystemNoiseProfile_0_128
-105            // LVAC_LVAC_NoiseSuppression_SystemNoiseProfile_0_129
-105            // LVAC_LVAC_NoiseSuppression_SystemNoiseProfile_0_130
-105            // LVAC_LVAC_NoiseSuppression_SystemNoiseProfile_0_131
-105            // LVAC_LVAC_NoiseSuppression_SystemNoiseProfile_0_132
-105            // LVAC_LVAC_NoiseSuppression_SystemNoiseProfile_0_133
-105            // LVAC_LVAC_NoiseSuppression_SystemNoiseProfile_0_134
-105            // LVAC_LVAC_NoiseSuppression_SystemNoiseProfile_0_135
-105            // LVAC_LVAC_NoiseSuppression_SystemNoiseProfile_0_136
-105            // LVAC_LVAC_NoiseSuppression_SystemNoiseProfile_0_137
-105            // LVAC_LVAC_NoiseSuppression_SystemNoiseProfile_0_138
-105            // LVAC_LVAC_NoiseSuppression_SystemNoiseProfile_0_139
-105            // LVAC_LVAC_NoiseSuppression_SystemNoiseProfile_0_140
-105            // LVAC_LVAC_NoiseSuppression_SystemNoiseProfile_0_141
-105            // LVAC_LVAC_NoiseSuppression_SystemNoiseProfile_0_142
-105            // LVAC_LVAC_NoiseSuppression_SystemNoiseProfile_0_143
-105            // LVAC_LVAC_NoiseSuppression_SystemNoiseProfile_0_144
-105            // LVAC_LVAC_NoiseSuppression_SystemNoiseProfile_0_145
-105            // LVAC_LVAC_NoiseSuppression_SystemNoiseProfile_0_146
-105            // LVAC_LVAC_NoiseSuppression_SystemNoiseProfile_0_147
-105            // LVAC_LVAC_NoiseSuppression_SystemNoiseProfile_0_148
-105            // LVAC_LVAC_NoiseSuppression_SystemNoiseProfile_0_149
-105            // LVAC_LVAC_NoiseSuppression_SystemNoiseProfile_0_150
-105            // LVAC_LVAC_NoiseSuppression_SystemNoiseProfile_0_151
-105            // LVAC_LVAC_NoiseSuppression_SystemNoiseProfile_0_152
-105            // LVAC_LVAC_NoiseSuppression_SystemNoiseProfile_0_153
-105            // LVAC_LVAC_NoiseSuppression_SystemNoiseProfile_0_154
-105            // LVAC_LVAC_NoiseSuppression_SystemNoiseProfile_0_155
-105            // LVAC_LVAC_NoiseSuppression_SystemNoiseProfile_0_156
-105            // LVAC_LVAC_NoiseSuppression_SystemNoiseProfile_0_157
-105            // LVAC_LVAC_NoiseSuppression_SystemNoiseProfile_0_158
-105            // LVAC_LVAC_NoiseSuppression_SystemNoiseProfile_0_159
-105            // LVAC_LVAC_NoiseSuppression_SystemNoiseProfile_0_160
-105            // LVAC_LVAC_NoiseSuppression_SystemNoiseProfile_0_161
-105            // LVAC_LVAC_NoiseSuppression_SystemNoiseProfile_0_162
-105            // LVAC_LVAC_NoiseSuppression_SystemNoiseProfile_0_163
-105            // LVAC_LVAC_NoiseSuppression_SystemNoiseProfile_0_164
-105            // LVAC_LVAC_NoiseSuppression_SystemNoiseProfile_0_165
-105            // LVAC_LVAC_NoiseSuppression_SystemNoiseProfile_0_166
-105            // LVAC_LVAC_NoiseSuppression_SystemNoiseProfile_0_167
-105            // LVAC_LVAC_NoiseSuppression_SystemNoiseProfile_0_168
-105            // LVAC_LVAC_NoiseSuppression_SystemNoiseProfile_0_169
-105            // LVAC_LVAC_NoiseSuppression_SystemNoiseProfile_0_170
-105            // LVAC_LVAC_NoiseSuppression_SystemNoiseProfile_0_171
-105            // LVAC_LVAC_NoiseSuppression_SystemNoiseProfile_0_172
-105            // LVAC_LVAC_NoiseSuppression_SystemNoiseProfile_0_173
-105            // LVAC_LVAC_NoiseSuppression_SystemNoiseProfile_0_174
-105            // LVAC_LVAC_NoiseSuppression_SystemNoiseProfile_0_175
-105            // LVAC_LVAC_NoiseSuppression_SystemNoiseProfile_0_176
-105            // LVAC_LVAC_NoiseSuppression_SystemNoiseProfile_0_177
-105            // LVAC_LVAC_NoiseSuppression_SystemNoiseProfile_0_178
-105            // LVAC_LVAC_NoiseSuppression_SystemNoiseProfile_0_179
-105            // LVAC_LVAC_NoiseSuppression_SystemNoiseProfile_0_180
-105            // LVAC_LVAC_NoiseSuppression_SystemNoiseProfile_0_181
-105            // LVAC_LVAC_NoiseSuppression_SystemNoiseProfile_0_182
-105            // LVAC_LVAC_NoiseSuppression_SystemNoiseProfile_0_183
-105            // LVAC_LVAC_NoiseSuppression_SystemNoiseProfile_0_184
-105            // LVAC_LVAC_NoiseSuppression_SystemNoiseProfile_0_185
-105            // LVAC_LVAC_NoiseSuppression_SystemNoiseProfile_0_186
-105            // LVAC_LVAC_NoiseSuppression_SystemNoiseProfile_0_187
-105            // LVAC_LVAC_NoiseSuppression_SystemNoiseProfile_0_188
-105            // LVAC_LVAC_NoiseSuppression_SystemNoiseProfile_0_189
-105            // LVAC_LVAC_NoiseSuppression_SystemNoiseProfile_0_190
-105            // LVAC_LVAC_NoiseSuppression_SystemNoiseProfile_0_191
-105            // LVAC_LVAC_NoiseSuppression_SystemNoiseProfile_0_192
-105            // LVAC_LVAC_NoiseSuppression_SystemNoiseProfile_0_193
-105            // LVAC_LVAC_NoiseSuppression_SystemNoiseProfile_0_194
-105            // LVAC_LVAC_NoiseSuppression_SystemNoiseProfile_0_195
-105            // LVAC_LVAC_NoiseSuppression_SystemNoiseProfile_0_196
-105            // LVAC_LVAC_NoiseSuppression_SystemNoiseProfile_0_197
-105            // LVAC_LVAC_NoiseSuppression_SystemNoiseProfile_0_198
-105            // LVAC_LVAC_NoiseSuppression_SystemNoiseProfile_0_199
-105            // LVAC_LVAC_NoiseSuppression_SystemNoiseProfile_0_200
-105            // LVAC_LVAC_NoiseSuppression_SystemNoiseProfile_0_201
-105            // LVAC_LVAC_NoiseSuppression_SystemNoiseProfile_0_202
-105            // LVAC_LVAC_NoiseSuppression_SystemNoiseProfile_0_203
-105            // LVAC_LVAC_NoiseSuppression_SystemNoiseProfile_0_204
-105            // LVAC_LVAC_NoiseSuppression_SystemNoiseProfile_0_205
-105            // LVAC_LVAC_NoiseSuppression_SystemNoiseProfile_0_206
-105            // LVAC_LVAC_NoiseSuppression_SystemNoiseProfile_0_207
-105            // LVAC_LVAC_NoiseSuppression_SystemNoiseProfile_0_208
-105            // LVAC_LVAC_NoiseSuppression_SystemNoiseProfile_0_209
-105            // LVAC_LVAC_NoiseSuppression_SystemNoiseProfile_0_210
-105            // LVAC_LVAC_NoiseSuppression_SystemNoiseProfile_0_211
-105            // LVAC_LVAC_NoiseSuppression_SystemNoiseProfile_0_212
-105            // LVAC_LVAC_NoiseSuppression_SystemNoiseProfile_0_213
-105            // LVAC_LVAC_NoiseSuppression_SystemNoiseProfile_0_214
-105            // LVAC_LVAC_NoiseSuppression_SystemNoiseProfile_0_215
-105            // LVAC_LVAC_NoiseSuppression_SystemNoiseProfile_0_216
-105            // LVAC_LVAC_NoiseSuppression_SystemNoiseProfile_0_217
-105            // LVAC_LVAC_NoiseSuppression_SystemNoiseProfile_0_218
-105            // LVAC_LVAC_NoiseSuppression_SystemNoiseProfile_0_219
-105            // LVAC_LVAC_NoiseSuppression_SystemNoiseProfile_0_220
-105            // LVAC_LVAC_NoiseSuppression_SystemNoiseProfile_0_221
-105            // LVAC_LVAC_NoiseSuppression_SystemNoiseProfile_0_222
-105            // LVAC_LVAC_NoiseSuppression_SystemNoiseProfile_0_223
-105            // LVAC_LVAC_NoiseSuppression_SystemNoiseProfile_0_224
-105            // LVAC_LVAC_NoiseSuppression_SystemNoiseProfile_0_225
-105            // LVAC_LVAC_NoiseSuppression_SystemNoiseProfile_0_226
-105            // LVAC_LVAC_NoiseSuppression_SystemNoiseProfile_0_227
-105            // LVAC_LVAC_NoiseSuppression_SystemNoiseProfile_0_228
-105            // LVAC_LVAC_NoiseSuppression_SystemNoiseProfile_0_229
-105            // LVAC_LVAC_NoiseSuppression_SystemNoiseProfile_0_230
-105            // LVAC_LVAC_NoiseSuppression_SystemNoiseProfile_0_231
-105            // LVAC_LVAC_NoiseSuppression_SystemNoiseProfile_0_232
-105            // LVAC_LVAC_NoiseSuppression_SystemNoiseProfile_0_233
-105            // LVAC_LVAC_NoiseSuppression_SystemNoiseProfile_0_234
-105            // LVAC_LVAC_NoiseSuppression_SystemNoiseProfile_0_235
-105            // LVAC_LVAC_NoiseSuppression_SystemNoiseProfile_0_236
-105            // LVAC_LVAC_NoiseSuppression_SystemNoiseProfile_0_237
-105            // LVAC_LVAC_NoiseSuppression_SystemNoiseProfile_0_238
-104            // LVAC_LVAC_NoiseSuppression_SystemNoiseProfile_0_239
-105            // LVAC_LVAC_NoiseSuppression_SystemNoiseProfile_0_240
-105            // LVAC_LVAC_NoiseSuppression_SystemNoiseProfile_0_241
-105            // LVAC_LVAC_NoiseSuppression_SystemNoiseProfile_0_242
-105            // LVAC_LVAC_NoiseSuppression_SystemNoiseProfile_0_243
-105            // LVAC_LVAC_NoiseSuppression_SystemNoiseProfile_0_244
-105            // LVAC_LVAC_NoiseSuppression_SystemNoiseProfile_0_245
-105            // LVAC_LVAC_NoiseSuppression_SystemNoiseProfile_0_246
-105            // LVAC_LVAC_NoiseSuppression_SystemNoiseProfile_0_247
-105            // LVAC_LVAC_NoiseSuppression_SystemNoiseProfile_0_248
-105            // LVAC_LVAC_NoiseSuppression_SystemNoiseProfile_0_249
-105            // LVAC_LVAC_NoiseSuppression_SystemNoiseProfile_0_250
-105            // LVAC_LVAC_NoiseSuppression_SystemNoiseProfile_0_251
-105            // LVAC_LVAC_NoiseSuppression_SystemNoiseProfile_0_252
-105            // LVAC_LVAC_NoiseSuppression_SystemNoiseProfile_0_253
-105            // LVAC_LVAC_NoiseSuppression_SystemNoiseProfile_0_254
-104            // LVAC_LVAC_NoiseSuppression_SystemNoiseProfile_0_255
-104            // LVAC_LVAC_NoiseSuppression_SystemNoiseProfile_0_256
-105            // LVAC_LVAC_NoiseSuppression_SystemNoiseProfile_0_257
-105            // LVAC_LVAC_NoiseSuppression_SystemNoiseProfile_0_258
-104            // LVAC_LVAC_NoiseSuppression_SystemNoiseProfile_0_259
-105            // LVAC_LVAC_NoiseSuppression_SystemNoiseProfile_0_260
-105            // LVAC_LVAC_NoiseSuppression_SystemNoiseProfile_0_261
-105            // LVAC_LVAC_NoiseSuppression_SystemNoiseProfile_0_262
-105            // LVAC_LVAC_NoiseSuppression_SystemNoiseProfile_0_263
-105            // LVAC_LVAC_NoiseSuppression_SystemNoiseProfile_0_264
-105            // LVAC_LVAC_NoiseSuppression_SystemNoiseProfile_0_265
-104            // LVAC_LVAC_NoiseSuppression_SystemNoiseProfile_0_266
-105            // LVAC_LVAC_NoiseSuppression_SystemNoiseProfile_0_267
-105            // LVAC_LVAC_NoiseSuppression_SystemNoiseProfile_0_268
-105            // LVAC_LVAC_NoiseSuppression_SystemNoiseProfile_0_269
-105            // LVAC_LVAC_NoiseSuppression_SystemNoiseProfile_0_270
-105            // LVAC_LVAC_NoiseSuppression_SystemNoiseProfile_0_271
-105            // LVAC_LVAC_NoiseSuppression_SystemNoiseProfile_0_272
-105            // LVAC_LVAC_NoiseSuppression_SystemNoiseProfile_0_273
-104            // LVAC_LVAC_NoiseSuppression_SystemNoiseProfile_0_274
-104            // LVAC_LVAC_NoiseSuppression_SystemNoiseProfile_0_275
-105            // LVAC_LVAC_NoiseSuppression_SystemNoiseProfile_0_276
-105            // LVAC_LVAC_NoiseSuppression_SystemNoiseProfile_0_277
-105            // LVAC_LVAC_NoiseSuppression_SystemNoiseProfile_0_278
-104            // LVAC_LVAC_NoiseSuppression_SystemNoiseProfile_0_279
-104            // LVAC_LVAC_NoiseSuppression_SystemNoiseProfile_0_280
-105            // LVAC_LVAC_NoiseSuppression_SystemNoiseProfile_0_281
-105            // LVAC_LVAC_NoiseSuppression_SystemNoiseProfile_0_282
-104            // LVAC_LVAC_NoiseSuppression_SystemNoiseProfile_0_283
-105            // LVAC_LVAC_NoiseSuppression_SystemNoiseProfile_0_284
-105            // LVAC_LVAC_NoiseSuppression_SystemNoiseProfile_0_285
-105            // LVAC_LVAC_NoiseSuppression_SystemNoiseProfile_0_286
-105            // LVAC_LVAC_NoiseSuppression_SystemNoiseProfile_0_287
-105            // LVAC_LVAC_NoiseSuppression_SystemNoiseProfile_0_288
-105            // LVAC_LVAC_NoiseSuppression_SystemNoiseProfile_0_289
-105            // LVAC_LVAC_NoiseSuppression_SystemNoiseProfile_0_290
-105            // LVAC_LVAC_NoiseSuppression_SystemNoiseProfile_0_291
-105            // LVAC_LVAC_NoiseSuppression_SystemNoiseProfile_0_292
-105            // LVAC_LVAC_NoiseSuppression_SystemNoiseProfile_0_293
-104            // LVAC_LVAC_NoiseSuppression_SystemNoiseProfile_0_294
-105            // LVAC_LVAC_NoiseSuppression_SystemNoiseProfile_0_295
-104            // LVAC_LVAC_NoiseSuppression_SystemNoiseProfile_0_296
-104            // LVAC_LVAC_NoiseSuppression_SystemNoiseProfile_0_297
-104            // LVAC_LVAC_NoiseSuppression_SystemNoiseProfile_0_298
-104            // LVAC_LVAC_NoiseSuppression_SystemNoiseProfile_0_299
-104            // LVAC_LVAC_NoiseSuppression_SystemNoiseProfile_0_300
-105            // LVAC_LVAC_NoiseSuppression_SystemNoiseProfile_0_301
-105            // LVAC_LVAC_NoiseSuppression_SystemNoiseProfile_0_302
-105            // LVAC_LVAC_NoiseSuppression_SystemNoiseProfile_0_303
-105            // LVAC_LVAC_NoiseSuppression_SystemNoiseProfile_0_304
-105            // LVAC_LVAC_NoiseSuppression_SystemNoiseProfile_0_305
-105            // LVAC_LVAC_NoiseSuppression_SystemNoiseProfile_0_306
-104            // LVAC_LVAC_NoiseSuppression_SystemNoiseProfile_0_307
-105            // LVAC_LVAC_NoiseSuppression_SystemNoiseProfile_0_308
-105            // LVAC_LVAC_NoiseSuppression_SystemNoiseProfile_0_309
-105            // LVAC_LVAC_NoiseSuppression_SystemNoiseProfile_0_310
-105            // LVAC_LVAC_NoiseSuppression_SystemNoiseProfile_0_311
-105            // LVAC_LVAC_NoiseSuppression_SystemNoiseProfile_0_312
-105            // LVAC_LVAC_NoiseSuppression_SystemNoiseProfile_0_313
-105            // LVAC_LVAC_NoiseSuppression_SystemNoiseProfile_0_314
-105            // LVAC_LVAC_NoiseSuppression_SystemNoiseProfile_0_315
-104            // LVAC_LVAC_NoiseSuppression_SystemNoiseProfile_0_316
-105            // LVAC_LVAC_NoiseSuppression_SystemNoiseProfile_0_317
-105            // LVAC_LVAC_NoiseSuppression_SystemNoiseProfile_0_318
-104            // LVAC_LVAC_NoiseSuppression_SystemNoiseProfile_0_319
-105            // LVAC_LVAC_NoiseSuppression_SystemNoiseProfile_0_320
-105            // LVAC_LVAC_NoiseSuppression_SystemNoiseProfile_0_321
-105            // LVAC_LVAC_NoiseSuppression_SystemNoiseProfile_0_322
-105            // LVAC_LVAC_NoiseSuppression_SystemNoiseProfile_0_323
-105            // LVAC_LVAC_NoiseSuppression_SystemNoiseProfile_0_324
-105            // LVAC_LVAC_NoiseSuppression_SystemNoiseProfile_0_325
-105            // LVAC_LVAC_NoiseSuppression_SystemNoiseProfile_0_326
-104            // LVAC_LVAC_NoiseSuppression_SystemNoiseProfile_0_327
-104            // LVAC_LVAC_NoiseSuppression_SystemNoiseProfile_0_328
-104            // LVAC_LVAC_NoiseSuppression_SystemNoiseProfile_0_329
-104            // LVAC_LVAC_NoiseSuppression_SystemNoiseProfile_0_330
-105            // LVAC_LVAC_NoiseSuppression_SystemNoiseProfile_0_331
-104            // LVAC_LVAC_NoiseSuppression_SystemNoiseProfile_0_332
-105            // LVAC_LVAC_NoiseSuppression_SystemNoiseProfile_0_333
-105            // LVAC_LVAC_NoiseSuppression_SystemNoiseProfile_0_334
-104            // LVAC_LVAC_NoiseSuppression_SystemNoiseProfile_0_335
-105            // LVAC_LVAC_NoiseSuppression_SystemNoiseProfile_0_336
-105            // LVAC_LVAC_NoiseSuppression_SystemNoiseProfile_0_337
-104            // LVAC_LVAC_NoiseSuppression_SystemNoiseProfile_0_338
-105            // LVAC_LVAC_NoiseSuppression_SystemNoiseProfile_0_339
-105            // LVAC_LVAC_NoiseSuppression_SystemNoiseProfile_0_340
-105            // LVAC_LVAC_NoiseSuppression_SystemNoiseProfile_0_341
-105            // LVAC_LVAC_NoiseSuppression_SystemNoiseProfile_0_342
-104            // LVAC_LVAC_NoiseSuppression_SystemNoiseProfile_0_343
-104            // LVAC_LVAC_NoiseSuppression_SystemNoiseProfile_0_344
-104            // LVAC_LVAC_NoiseSuppression_SystemNoiseProfile_0_345
-104            // LVAC_LVAC_NoiseSuppression_SystemNoiseProfile_0_346
-104            // LVAC_LVAC_NoiseSuppression_SystemNoiseProfile_0_347
-104            // LVAC_LVAC_NoiseSuppression_SystemNoiseProfile_0_348
-104            // LVAC_LVAC_NoiseSuppression_SystemNoiseProfile_0_349
-105            // LVAC_LVAC_NoiseSuppression_SystemNoiseProfile_0_350
-105            // LVAC_LVAC_NoiseSuppression_SystemNoiseProfile_0_351
-105            // LVAC_LVAC_NoiseSuppression_SystemNoiseProfile_0_352
-105            // LVAC_LVAC_NoiseSuppression_SystemNoiseProfile_0_353
-105            // LVAC_LVAC_NoiseSuppression_SystemNoiseProfile_0_354
-105            // LVAC_LVAC_NoiseSuppression_SystemNoiseProfile_0_355
-105            // LVAC_LVAC_NoiseSuppression_SystemNoiseProfile_0_356
-105            // LVAC_LVAC_NoiseSuppression_SystemNoiseProfile_0_357
-104            // LVAC_LVAC_NoiseSuppression_SystemNoiseProfile_0_358
-105            // LVAC_LVAC_NoiseSuppression_SystemNoiseProfile_0_359
-105            // LVAC_LVAC_NoiseSuppression_SystemNoiseProfile_0_360
-104            // LVAC_LVAC_NoiseSuppression_SystemNoiseProfile_0_361
-104            // LVAC_LVAC_NoiseSuppression_SystemNoiseProfile_0_362
-104            // LVAC_LVAC_NoiseSuppression_SystemNoiseProfile_0_363
-105            // LVAC_LVAC_NoiseSuppression_SystemNoiseProfile_0_364
-105            // LVAC_LVAC_NoiseSuppression_SystemNoiseProfile_0_365
-105            // LVAC_LVAC_NoiseSuppression_SystemNoiseProfile_0_366
-104            // LVAC_LVAC_NoiseSuppression_SystemNoiseProfile_0_367
-105            // LVAC_LVAC_NoiseSuppression_SystemNoiseProfile_0_368
-104            // LVAC_LVAC_NoiseSuppression_SystemNoiseProfile_0_369
-104            // LVAC_LVAC_NoiseSuppression_SystemNoiseProfile_0_370
-104            // LVAC_LVAC_NoiseSuppression_SystemNoiseProfile_0_371
-105            // LVAC_LVAC_NoiseSuppression_SystemNoiseProfile_0_372
-105            // LVAC_LVAC_NoiseSuppression_SystemNoiseProfile_0_373
-105            // LVAC_LVAC_NoiseSuppression_SystemNoiseProfile_0_374
-105            // LVAC_LVAC_NoiseSuppression_SystemNoiseProfile_0_375
-104            // LVAC_LVAC_NoiseSuppression_SystemNoiseProfile_0_376
-105            // LVAC_LVAC_NoiseSuppression_SystemNoiseProfile_0_377
-105            // LVAC_LVAC_NoiseSuppression_SystemNoiseProfile_0_378
-105            // LVAC_LVAC_NoiseSuppression_SystemNoiseProfile_0_379
-104            // LVAC_LVAC_NoiseSuppression_SystemNoiseProfile_0_380
-104            // LVAC_LVAC_NoiseSuppression_SystemNoiseProfile_0_381
-104            // LVAC_LVAC_NoiseSuppression_SystemNoiseProfile_0_382
-104            // LVAC_LVAC_NoiseSuppression_SystemNoiseProfile_0_383
-104            // LVAC_LVAC_NoiseSuppression_SystemNoiseProfile_0_384
-104            // LVAC_LVAC_NoiseSuppression_SystemNoiseProfile_0_385
-105            // LVAC_LVAC_NoiseSuppression_SystemNoiseProfile_0_386
-105            // LVAC_LVAC_NoiseSuppression_SystemNoiseProfile_0_387
-105            // LVAC_LVAC_NoiseSuppression_SystemNoiseProfile_0_388
-105            // LVAC_LVAC_NoiseSuppression_SystemNoiseProfile_0_389
-104            // LVAC_LVAC_NoiseSuppression_SystemNoiseProfile_0_390
-105            // LVAC_LVAC_NoiseSuppression_SystemNoiseProfile_0_391
-105            // LVAC_LVAC_NoiseSuppression_SystemNoiseProfile_0_392
-105            // LVAC_LVAC_NoiseSuppression_SystemNoiseProfile_0_393
-105            // LVAC_LVAC_NoiseSuppression_SystemNoiseProfile_0_394
-105            // LVAC_LVAC_NoiseSuppression_SystemNoiseProfile_0_395
-104            // LVAC_LVAC_NoiseSuppression_SystemNoiseProfile_0_396
-105            // LVAC_LVAC_NoiseSuppression_SystemNoiseProfile_0_397
-104            // LVAC_LVAC_NoiseSuppression_SystemNoiseProfile_0_398
-104            // LVAC_LVAC_NoiseSuppression_SystemNoiseProfile_0_399
-105            // LVAC_LVAC_NoiseSuppression_SystemNoiseProfile_0_400
-105            // LVAC_LVAC_NoiseSuppression_SystemNoiseProfile_0_401
-105            // LVAC_LVAC_NoiseSuppression_SystemNoiseProfile_0_402
-105            // LVAC_LVAC_NoiseSuppression_SystemNoiseProfile_0_403
-105            // LVAC_LVAC_NoiseSuppression_SystemNoiseProfile_0_404
-105            // LVAC_LVAC_NoiseSuppression_SystemNoiseProfile_0_405
-105            // LVAC_LVAC_NoiseSuppression_SystemNoiseProfile_0_406
-104            // LVAC_LVAC_NoiseSuppression_SystemNoiseProfile_0_407
-105            // LVAC_LVAC_NoiseSuppression_SystemNoiseProfile_0_408
-105            // LVAC_LVAC_NoiseSuppression_SystemNoiseProfile_0_409
-105            // LVAC_LVAC_NoiseSuppression_SystemNoiseProfile_0_410
-104            // LVAC_LVAC_NoiseSuppression_SystemNoiseProfile_0_411
-105            // LVAC_LVAC_NoiseSuppression_SystemNoiseProfile_0_412
-105            // LVAC_LVAC_NoiseSuppression_SystemNoiseProfile_0_413
-105            // LVAC_LVAC_NoiseSuppression_SystemNoiseProfile_0_414
-105            // LVAC_LVAC_NoiseSuppression_SystemNoiseProfile_0_415
-105            // LVAC_LVAC_NoiseSuppression_SystemNoiseProfile_0_416
-105            // LVAC_LVAC_NoiseSuppression_SystemNoiseProfile_0_417
-105            // LVAC_LVAC_NoiseSuppression_SystemNoiseProfile_0_418
-105            // LVAC_LVAC_NoiseSuppression_SystemNoiseProfile_0_419
-105            // LVAC_LVAC_NoiseSuppression_SystemNoiseProfile_0_420
-104            // LVAC_LVAC_NoiseSuppression_SystemNoiseProfile_0_421
-105            // LVAC_LVAC_NoiseSuppression_SystemNoiseProfile_0_422
-105            // LVAC_LVAC_NoiseSuppression_SystemNoiseProfile_0_423
-105            // LVAC_LVAC_NoiseSuppression_SystemNoiseProfile_0_424
-105            // LVAC_LVAC_NoiseSuppression_SystemNoiseProfile_0_425
-105            // LVAC_LVAC_NoiseSuppression_SystemNoiseProfile_0_426
-104            // LVAC_LVAC_NoiseSuppression_SystemNoiseProfile_0_427
-104            // LVAC_LVAC_NoiseSuppression_SystemNoiseProfile_0_428
-105            // LVAC_LVAC_NoiseSuppression_SystemNoiseProfile_0_429
-105            // LVAC_LVAC_NoiseSuppression_SystemNoiseProfile_0_430
-105            // LVAC_LVAC_NoiseSuppression_SystemNoiseProfile_0_431
-105            // LVAC_LVAC_NoiseSuppression_SystemNoiseProfile_0_432
-105            // LVAC_LVAC_NoiseSuppression_SystemNoiseProfile_0_433
-105            // LVAC_LVAC_NoiseSuppression_SystemNoiseProfile_0_434
-105            // LVAC_LVAC_NoiseSuppression_SystemNoiseProfile_0_435
-105            // LVAC_LVAC_NoiseSuppression_SystemNoiseProfile_0_436
-105            // LVAC_LVAC_NoiseSuppression_SystemNoiseProfile_0_437
-105            // LVAC_LVAC_NoiseSuppression_SystemNoiseProfile_0_438
-105            // LVAC_LVAC_NoiseSuppression_SystemNoiseProfile_0_439
-105            // LVAC_LVAC_NoiseSuppression_SystemNoiseProfile_0_440
-104            // LVAC_LVAC_NoiseSuppression_SystemNoiseProfile_0_441
-105            // LVAC_LVAC_NoiseSuppression_SystemNoiseProfile_0_442
-105            // LVAC_LVAC_NoiseSuppression_SystemNoiseProfile_0_443
-105            // LVAC_LVAC_NoiseSuppression_SystemNoiseProfile_0_444
-104            // LVAC_LVAC_NoiseSuppression_SystemNoiseProfile_0_445
-105            // LVAC_LVAC_NoiseSuppression_SystemNoiseProfile_0_446
-104            // LVAC_LVAC_NoiseSuppression_SystemNoiseProfile_0_447
-104            // LVAC_LVAC_NoiseSuppression_SystemNoiseProfile_0_448
-105            // LVAC_LVAC_NoiseSuppression_SystemNoiseProfile_0_449
-105            // LVAC_LVAC_NoiseSuppression_SystemNoiseProfile_0_450
-105            // LVAC_LVAC_NoiseSuppression_SystemNoiseProfile_0_451
-105            // LVAC_LVAC_NoiseSuppression_SystemNoiseProfile_0_452
-105            // LVAC_LVAC_NoiseSuppression_SystemNoiseProfile_0_453
-105            // LVAC_LVAC_NoiseSuppression_SystemNoiseProfile_0_454
-105            // LVAC_LVAC_NoiseSuppression_SystemNoiseProfile_0_455
-105            // LVAC_LVAC_NoiseSuppression_SystemNoiseProfile_0_456
-105            // LVAC_LVAC_NoiseSuppression_SystemNoiseProfile_0_457
-105            // LVAC_LVAC_NoiseSuppression_SystemNoiseProfile_0_458
-105            // LVAC_LVAC_NoiseSuppression_SystemNoiseProfile_0_459
-104            // LVAC_LVAC_NoiseSuppression_SystemNoiseProfile_0_460
-105            // LVAC_LVAC_NoiseSuppression_SystemNoiseProfile_0_461
-105            // LVAC_LVAC_NoiseSuppression_SystemNoiseProfile_0_462
-105            // LVAC_LVAC_NoiseSuppression_SystemNoiseProfile_0_463
-105            // LVAC_LVAC_NoiseSuppression_SystemNoiseProfile_0_464
-105            // LVAC_LVAC_NoiseSuppression_SystemNoiseProfile_0_465
-105            // LVAC_LVAC_NoiseSuppression_SystemNoiseProfile_0_466
-105            // LVAC_LVAC_NoiseSuppression_SystemNoiseProfile_0_467
-105            // LVAC_LVAC_NoiseSuppression_SystemNoiseProfile_0_468
-105            // LVAC_LVAC_NoiseSuppression_SystemNoiseProfile_0_469
-105            // LVAC_LVAC_NoiseSuppression_SystemNoiseProfile_0_470
-105            // LVAC_LVAC_NoiseSuppression_SystemNoiseProfile_0_471
-105            // LVAC_LVAC_NoiseSuppression_SystemNoiseProfile_0_472
-105            // LVAC_LVAC_NoiseSuppression_SystemNoiseProfile_0_473
-105            // LVAC_LVAC_NoiseSuppression_SystemNoiseProfile_0_474
-105            // LVAC_LVAC_NoiseSuppression_SystemNoiseProfile_0_475
-105            // LVAC_LVAC_NoiseSuppression_SystemNoiseProfile_0_476
-105            // LVAC_LVAC_NoiseSuppression_SystemNoiseProfile_0_477
-105            // LVAC_LVAC_NoiseSuppression_SystemNoiseProfile_0_478
-105            // LVAC_LVAC_NoiseSuppression_SystemNoiseProfile_0_479
-105            // LVAC_LVAC_NoiseSuppression_SystemNoiseProfile_0_480
-105            // LVAC_LVAC_NoiseSuppression_SystemNoiseProfile_0_481
-105            // LVAC_LVAC_NoiseSuppression_SystemNoiseProfile_0_482
-105            // LVAC_LVAC_NoiseSuppression_SystemNoiseProfile_0_483
-105            // LVAC_LVAC_NoiseSuppression_SystemNoiseProfile_0_484
-105            // LVAC_LVAC_NoiseSuppression_SystemNoiseProfile_0_485
-105            // LVAC_LVAC_NoiseSuppression_SystemNoiseProfile_0_486
-105            // LVAC_LVAC_NoiseSuppression_SystemNoiseProfile_0_487
-105            // LVAC_LVAC_NoiseSuppression_SystemNoiseProfile_0_488
-105            // LVAC_LVAC_NoiseSuppression_SystemNoiseProfile_0_489
-105            // LVAC_LVAC_NoiseSuppression_SystemNoiseProfile_0_490
-105            // LVAC_LVAC_NoiseSuppression_SystemNoiseProfile_0_491
-105            // LVAC_LVAC_NoiseSuppression_SystemNoiseProfile_0_492
-105            // LVAC_LVAC_NoiseSuppression_SystemNoiseProfile_0_493
-105            // LVAC_LVAC_NoiseSuppression_SystemNoiseProfile_0_494
-105            // LVAC_LVAC_NoiseSuppression_SystemNoiseProfile_0_495
-105            // LVAC_LVAC_NoiseSuppression_SystemNoiseProfile_0_496
-105            // LVAC_LVAC_NoiseSuppression_SystemNoiseProfile_0_497
-105            // LVAC_LVAC_NoiseSuppression_SystemNoiseProfile_0_498
-105            // LVAC_LVAC_NoiseSuppression_SystemNoiseProfile_0_499
-105            // LVAC_LVAC_NoiseSuppression_SystemNoiseProfile_0_500
-105            // LVAC_LVAC_NoiseSuppression_SystemNoiseProfile_0_501
-105            // LVAC_LVAC_NoiseSuppression_SystemNoiseProfile_0_502
-105            // LVAC_LVAC_NoiseSuppression_SystemNoiseProfile_0_503
-105            // LVAC_LVAC_NoiseSuppression_SystemNoiseProfile_0_504
-105            // LVAC_LVAC_NoiseSuppression_SystemNoiseProfile_0_505
-105            // LVAC_LVAC_NoiseSuppression_SystemNoiseProfile_0_506
-105            // LVAC_LVAC_NoiseSuppression_SystemNoiseProfile_0_507
-105            // LVAC_LVAC_NoiseSuppression_SystemNoiseProfile_0_508
-105            // LVAC_LVAC_NoiseSuppression_SystemNoiseProfile_0_509
-105            // LVAC_LVAC_NoiseSuppression_SystemNoiseProfile_0_510
-105            // LVAC_LVAC_NoiseSuppression_SystemNoiseProfile_0_511
-105            // LVAC_LVAC_NoiseSuppression_SystemNoiseProfile_0_512
-62             // LVAC_LVAC_NoiseSuppression_SystemNoiseProfile_1_0
-62             // LVAC_LVAC_NoiseSuppression_SystemNoiseProfile_1_1
-73             // LVAC_LVAC_NoiseSuppression_SystemNoiseProfile_1_2
-79             // LVAC_LVAC_NoiseSuppression_SystemNoiseProfile_1_3
-84             // LVAC_LVAC_NoiseSuppression_SystemNoiseProfile_1_4
-86             // LVAC_LVAC_NoiseSuppression_SystemNoiseProfile_1_5
-88             // LVAC_LVAC_NoiseSuppression_SystemNoiseProfile_1_6
-90             // LVAC_LVAC_NoiseSuppression_SystemNoiseProfile_1_7
-91             // LVAC_LVAC_NoiseSuppression_SystemNoiseProfile_1_8
-92             // LVAC_LVAC_NoiseSuppression_SystemNoiseProfile_1_9
-93             // LVAC_LVAC_NoiseSuppression_SystemNoiseProfile_1_10
-93             // LVAC_LVAC_NoiseSuppression_SystemNoiseProfile_1_11
-94             // LVAC_LVAC_NoiseSuppression_SystemNoiseProfile_1_12
-95             // LVAC_LVAC_NoiseSuppression_SystemNoiseProfile_1_13
-95             // LVAC_LVAC_NoiseSuppression_SystemNoiseProfile_1_14
-96             // LVAC_LVAC_NoiseSuppression_SystemNoiseProfile_1_15
-96             // LVAC_LVAC_NoiseSuppression_SystemNoiseProfile_1_16
-96             // LVAC_LVAC_NoiseSuppression_SystemNoiseProfile_1_17
-97             // LVAC_LVAC_NoiseSuppression_SystemNoiseProfile_1_18
-97             // LVAC_LVAC_NoiseSuppression_SystemNoiseProfile_1_19
-98             // LVAC_LVAC_NoiseSuppression_SystemNoiseProfile_1_20
-98             // LVAC_LVAC_NoiseSuppression_SystemNoiseProfile_1_21
-98             // LVAC_LVAC_NoiseSuppression_SystemNoiseProfile_1_22
-98             // LVAC_LVAC_NoiseSuppression_SystemNoiseProfile_1_23
-99             // LVAC_LVAC_NoiseSuppression_SystemNoiseProfile_1_24
-99             // LVAC_LVAC_NoiseSuppression_SystemNoiseProfile_1_25
-99             // LVAC_LVAC_NoiseSuppression_SystemNoiseProfile_1_26
-99             // LVAC_LVAC_NoiseSuppression_SystemNoiseProfile_1_27
-100            // LVAC_LVAC_NoiseSuppression_SystemNoiseProfile_1_28
-100            // LVAC_LVAC_NoiseSuppression_SystemNoiseProfile_1_29
-100            // LVAC_LVAC_NoiseSuppression_SystemNoiseProfile_1_30
-100            // LVAC_LVAC_NoiseSuppression_SystemNoiseProfile_1_31
-100            // LVAC_LVAC_NoiseSuppression_SystemNoiseProfile_1_32
-100            // LVAC_LVAC_NoiseSuppression_SystemNoiseProfile_1_33
-100            // LVAC_LVAC_NoiseSuppression_SystemNoiseProfile_1_34
-100            // LVAC_LVAC_NoiseSuppression_SystemNoiseProfile_1_35
-100            // LVAC_LVAC_NoiseSuppression_SystemNoiseProfile_1_36
-101            // LVAC_LVAC_NoiseSuppression_SystemNoiseProfile_1_37
-101            // LVAC_LVAC_NoiseSuppression_SystemNoiseProfile_1_38
-101            // LVAC_LVAC_NoiseSuppression_SystemNoiseProfile_1_39
-101            // LVAC_LVAC_NoiseSuppression_SystemNoiseProfile_1_40
-101            // LVAC_LVAC_NoiseSuppression_SystemNoiseProfile_1_41
-101            // LVAC_LVAC_NoiseSuppression_SystemNoiseProfile_1_42
-102            // LVAC_LVAC_NoiseSuppression_SystemNoiseProfile_1_43
-102            // LVAC_LVAC_NoiseSuppression_SystemNoiseProfile_1_44
-102            // LVAC_LVAC_NoiseSuppression_SystemNoiseProfile_1_45
-102            // LVAC_LVAC_NoiseSuppression_SystemNoiseProfile_1_46
-102            // LVAC_LVAC_NoiseSuppression_SystemNoiseProfile_1_47
-102            // LVAC_LVAC_NoiseSuppression_SystemNoiseProfile_1_48
-103            // LVAC_LVAC_NoiseSuppression_SystemNoiseProfile_1_49
-102            // LVAC_LVAC_NoiseSuppression_SystemNoiseProfile_1_50
-102            // LVAC_LVAC_NoiseSuppression_SystemNoiseProfile_1_51
-102            // LVAC_LVAC_NoiseSuppression_SystemNoiseProfile_1_52
-103            // LVAC_LVAC_NoiseSuppression_SystemNoiseProfile_1_53
-103            // LVAC_LVAC_NoiseSuppression_SystemNoiseProfile_1_54
-103            // LVAC_LVAC_NoiseSuppression_SystemNoiseProfile_1_55
-103            // LVAC_LVAC_NoiseSuppression_SystemNoiseProfile_1_56
-103            // LVAC_LVAC_NoiseSuppression_SystemNoiseProfile_1_57
-103            // LVAC_LVAC_NoiseSuppression_SystemNoiseProfile_1_58
-103            // LVAC_LVAC_NoiseSuppression_SystemNoiseProfile_1_59
-103            // LVAC_LVAC_NoiseSuppression_SystemNoiseProfile_1_60
-103            // LVAC_LVAC_NoiseSuppression_SystemNoiseProfile_1_61
-103            // LVAC_LVAC_NoiseSuppression_SystemNoiseProfile_1_62
-103            // LVAC_LVAC_NoiseSuppression_SystemNoiseProfile_1_63
-104            // LVAC_LVAC_NoiseSuppression_SystemNoiseProfile_1_64
-104            // LVAC_LVAC_NoiseSuppression_SystemNoiseProfile_1_65
-104            // LVAC_LVAC_NoiseSuppression_SystemNoiseProfile_1_66
-104            // LVAC_LVAC_NoiseSuppression_SystemNoiseProfile_1_67
-104            // LVAC_LVAC_NoiseSuppression_SystemNoiseProfile_1_68
-103            // LVAC_LVAC_NoiseSuppression_SystemNoiseProfile_1_69
-104            // LVAC_LVAC_NoiseSuppression_SystemNoiseProfile_1_70
-104            // LVAC_LVAC_NoiseSuppression_SystemNoiseProfile_1_71
-104            // LVAC_LVAC_NoiseSuppression_SystemNoiseProfile_1_72
-104            // LVAC_LVAC_NoiseSuppression_SystemNoiseProfile_1_73
-104            // LVAC_LVAC_NoiseSuppression_SystemNoiseProfile_1_74
-104            // LVAC_LVAC_NoiseSuppression_SystemNoiseProfile_1_75
-104            // LVAC_LVAC_NoiseSuppression_SystemNoiseProfile_1_76
-104            // LVAC_LVAC_NoiseSuppression_SystemNoiseProfile_1_77
-104            // LVAC_LVAC_NoiseSuppression_SystemNoiseProfile_1_78
-104            // LVAC_LVAC_NoiseSuppression_SystemNoiseProfile_1_79
-104            // LVAC_LVAC_NoiseSuppression_SystemNoiseProfile_1_80
-104            // LVAC_LVAC_NoiseSuppression_SystemNoiseProfile_1_81
-104            // LVAC_LVAC_NoiseSuppression_SystemNoiseProfile_1_82
-104            // LVAC_LVAC_NoiseSuppression_SystemNoiseProfile_1_83
-104            // LVAC_LVAC_NoiseSuppression_SystemNoiseProfile_1_84
-104            // LVAC_LVAC_NoiseSuppression_SystemNoiseProfile_1_85
-104            // LVAC_LVAC_NoiseSuppression_SystemNoiseProfile_1_86
-104            // LVAC_LVAC_NoiseSuppression_SystemNoiseProfile_1_87
-105            // LVAC_LVAC_NoiseSuppression_SystemNoiseProfile_1_88
-104            // LVAC_LVAC_NoiseSuppression_SystemNoiseProfile_1_89
-104            // LVAC_LVAC_NoiseSuppression_SystemNoiseProfile_1_90
-105            // LVAC_LVAC_NoiseSuppression_SystemNoiseProfile_1_91
-105            // LVAC_LVAC_NoiseSuppression_SystemNoiseProfile_1_92
-104            // LVAC_LVAC_NoiseSuppression_SystemNoiseProfile_1_93
-105            // LVAC_LVAC_NoiseSuppression_SystemNoiseProfile_1_94
-104            // LVAC_LVAC_NoiseSuppression_SystemNoiseProfile_1_95
-105            // LVAC_LVAC_NoiseSuppression_SystemNoiseProfile_1_96
-105            // LVAC_LVAC_NoiseSuppression_SystemNoiseProfile_1_97
-105            // LVAC_LVAC_NoiseSuppression_SystemNoiseProfile_1_98
-105            // LVAC_LVAC_NoiseSuppression_SystemNoiseProfile_1_99
-105            // LVAC_LVAC_NoiseSuppression_SystemNoiseProfile_1_100
-105            // LVAC_LVAC_NoiseSuppression_SystemNoiseProfile_1_101
-104            // LVAC_LVAC_NoiseSuppression_SystemNoiseProfile_1_102
-105            // LVAC_LVAC_NoiseSuppression_SystemNoiseProfile_1_103
-105            // LVAC_LVAC_NoiseSuppression_SystemNoiseProfile_1_104
-105            // LVAC_LVAC_NoiseSuppression_SystemNoiseProfile_1_105
-105            // LVAC_LVAC_NoiseSuppression_SystemNoiseProfile_1_106
-105            // LVAC_LVAC_NoiseSuppression_SystemNoiseProfile_1_107
-105            // LVAC_LVAC_NoiseSuppression_SystemNoiseProfile_1_108
-105            // LVAC_LVAC_NoiseSuppression_SystemNoiseProfile_1_109
-105            // LVAC_LVAC_NoiseSuppression_SystemNoiseProfile_1_110
-105            // LVAC_LVAC_NoiseSuppression_SystemNoiseProfile_1_111
-105            // LVAC_LVAC_NoiseSuppression_SystemNoiseProfile_1_112
-105            // LVAC_LVAC_NoiseSuppression_SystemNoiseProfile_1_113
-105            // LVAC_LVAC_NoiseSuppression_SystemNoiseProfile_1_114
-105            // LVAC_LVAC_NoiseSuppression_SystemNoiseProfile_1_115
-105            // LVAC_LVAC_NoiseSuppression_SystemNoiseProfile_1_116
-105            // LVAC_LVAC_NoiseSuppression_SystemNoiseProfile_1_117
-105            // LVAC_LVAC_NoiseSuppression_SystemNoiseProfile_1_118
-105            // LVAC_LVAC_NoiseSuppression_SystemNoiseProfile_1_119
-105            // LVAC_LVAC_NoiseSuppression_SystemNoiseProfile_1_120
-105            // LVAC_LVAC_NoiseSuppression_SystemNoiseProfile_1_121
-105            // LVAC_LVAC_NoiseSuppression_SystemNoiseProfile_1_122
-105            // LVAC_LVAC_NoiseSuppression_SystemNoiseProfile_1_123
-105            // LVAC_LVAC_NoiseSuppression_SystemNoiseProfile_1_124
-105            // LVAC_LVAC_NoiseSuppression_SystemNoiseProfile_1_125
-105            // LVAC_LVAC_NoiseSuppression_SystemNoiseProfile_1_126
-105            // LVAC_LVAC_NoiseSuppression_SystemNoiseProfile_1_127
-105            // LVAC_LVAC_NoiseSuppression_SystemNoiseProfile_1_128
-105            // LVAC_LVAC_NoiseSuppression_SystemNoiseProfile_1_129
-105            // LVAC_LVAC_NoiseSuppression_SystemNoiseProfile_1_130
-105            // LVAC_LVAC_NoiseSuppression_SystemNoiseProfile_1_131
-105            // LVAC_LVAC_NoiseSuppression_SystemNoiseProfile_1_132
-105            // LVAC_LVAC_NoiseSuppression_SystemNoiseProfile_1_133
-105            // LVAC_LVAC_NoiseSuppression_SystemNoiseProfile_1_134
-105            // LVAC_LVAC_NoiseSuppression_SystemNoiseProfile_1_135
-105            // LVAC_LVAC_NoiseSuppression_SystemNoiseProfile_1_136
-105            // LVAC_LVAC_NoiseSuppression_SystemNoiseProfile_1_137
-105            // LVAC_LVAC_NoiseSuppression_SystemNoiseProfile_1_138
-105            // LVAC_LVAC_NoiseSuppression_SystemNoiseProfile_1_139
-105            // LVAC_LVAC_NoiseSuppression_SystemNoiseProfile_1_140
-105            // LVAC_LVAC_NoiseSuppression_SystemNoiseProfile_1_141
-105            // LVAC_LVAC_NoiseSuppression_SystemNoiseProfile_1_142
-105            // LVAC_LVAC_NoiseSuppression_SystemNoiseProfile_1_143
-105            // LVAC_LVAC_NoiseSuppression_SystemNoiseProfile_1_144
-105            // LVAC_LVAC_NoiseSuppression_SystemNoiseProfile_1_145
-105            // LVAC_LVAC_NoiseSuppression_SystemNoiseProfile_1_146
-105            // LVAC_LVAC_NoiseSuppression_SystemNoiseProfile_1_147
-105            // LVAC_LVAC_NoiseSuppression_SystemNoiseProfile_1_148
-105            // LVAC_LVAC_NoiseSuppression_SystemNoiseProfile_1_149
-105            // LVAC_LVAC_NoiseSuppression_SystemNoiseProfile_1_150
-105            // LVAC_LVAC_NoiseSuppression_SystemNoiseProfile_1_151
-105            // LVAC_LVAC_NoiseSuppression_SystemNoiseProfile_1_152
-105            // LVAC_LVAC_NoiseSuppression_SystemNoiseProfile_1_153
-105            // LVAC_LVAC_NoiseSuppression_SystemNoiseProfile_1_154
-105            // LVAC_LVAC_NoiseSuppression_SystemNoiseProfile_1_155
-105            // LVAC_LVAC_NoiseSuppression_SystemNoiseProfile_1_156
-105            // LVAC_LVAC_NoiseSuppression_SystemNoiseProfile_1_157
-105            // LVAC_LVAC_NoiseSuppression_SystemNoiseProfile_1_158
-105            // LVAC_LVAC_NoiseSuppression_SystemNoiseProfile_1_159
-105            // LVAC_LVAC_NoiseSuppression_SystemNoiseProfile_1_160
-105            // LVAC_LVAC_NoiseSuppression_SystemNoiseProfile_1_161
-105            // LVAC_LVAC_NoiseSuppression_SystemNoiseProfile_1_162
-105            // LVAC_LVAC_NoiseSuppression_SystemNoiseProfile_1_163
-105            // LVAC_LVAC_NoiseSuppression_SystemNoiseProfile_1_164
-105            // LVAC_LVAC_NoiseSuppression_SystemNoiseProfile_1_165
-105            // LVAC_LVAC_NoiseSuppression_SystemNoiseProfile_1_166
-105            // LVAC_LVAC_NoiseSuppression_SystemNoiseProfile_1_167
-105            // LVAC_LVAC_NoiseSuppression_SystemNoiseProfile_1_168
-105            // LVAC_LVAC_NoiseSuppression_SystemNoiseProfile_1_169
-105            // LVAC_LVAC_NoiseSuppression_SystemNoiseProfile_1_170
-105            // LVAC_LVAC_NoiseSuppression_SystemNoiseProfile_1_171
-105            // LVAC_LVAC_NoiseSuppression_SystemNoiseProfile_1_172
-105            // LVAC_LVAC_NoiseSuppression_SystemNoiseProfile_1_173
-105            // LVAC_LVAC_NoiseSuppression_SystemNoiseProfile_1_174
-105            // LVAC_LVAC_NoiseSuppression_SystemNoiseProfile_1_175
-105            // LVAC_LVAC_NoiseSuppression_SystemNoiseProfile_1_176
-105            // LVAC_LVAC_NoiseSuppression_SystemNoiseProfile_1_177
-105            // LVAC_LVAC_NoiseSuppression_SystemNoiseProfile_1_178
-105            // LVAC_LVAC_NoiseSuppression_SystemNoiseProfile_1_179
-105            // LVAC_LVAC_NoiseSuppression_SystemNoiseProfile_1_180
-105            // LVAC_LVAC_NoiseSuppression_SystemNoiseProfile_1_181
-105            // LVAC_LVAC_NoiseSuppression_SystemNoiseProfile_1_182
-105            // LVAC_LVAC_NoiseSuppression_SystemNoiseProfile_1_183
-105            // LVAC_LVAC_NoiseSuppression_SystemNoiseProfile_1_184
-105            // LVAC_LVAC_NoiseSuppression_SystemNoiseProfile_1_185
-105            // LVAC_LVAC_NoiseSuppression_SystemNoiseProfile_1_186
-105            // LVAC_LVAC_NoiseSuppression_SystemNoiseProfile_1_187
-105            // LVAC_LVAC_NoiseSuppression_SystemNoiseProfile_1_188
-105            // LVAC_LVAC_NoiseSuppression_SystemNoiseProfile_1_189
-105            // LVAC_LVAC_NoiseSuppression_SystemNoiseProfile_1_190
-105            // LVAC_LVAC_NoiseSuppression_SystemNoiseProfile_1_191
-105            // LVAC_LVAC_NoiseSuppression_SystemNoiseProfile_1_192
-105            // LVAC_LVAC_NoiseSuppression_SystemNoiseProfile_1_193
-105            // LVAC_LVAC_NoiseSuppression_SystemNoiseProfile_1_194
-105            // LVAC_LVAC_NoiseSuppression_SystemNoiseProfile_1_195
-105            // LVAC_LVAC_NoiseSuppression_SystemNoiseProfile_1_196
-105            // LVAC_LVAC_NoiseSuppression_SystemNoiseProfile_1_197
-105            // LVAC_LVAC_NoiseSuppression_SystemNoiseProfile_1_198
-105            // LVAC_LVAC_NoiseSuppression_SystemNoiseProfile_1_199
-105            // LVAC_LVAC_NoiseSuppression_SystemNoiseProfile_1_200
-105            // LVAC_LVAC_NoiseSuppression_SystemNoiseProfile_1_201
-105            // LVAC_LVAC_NoiseSuppression_SystemNoiseProfile_1_202
-105            // LVAC_LVAC_NoiseSuppression_SystemNoiseProfile_1_203
-105            // LVAC_LVAC_NoiseSuppression_SystemNoiseProfile_1_204
-105            // LVAC_LVAC_NoiseSuppression_SystemNoiseProfile_1_205
-105            // LVAC_LVAC_NoiseSuppression_SystemNoiseProfile_1_206
-105            // LVAC_LVAC_NoiseSuppression_SystemNoiseProfile_1_207
-105            // LVAC_LVAC_NoiseSuppression_SystemNoiseProfile_1_208
-105            // LVAC_LVAC_NoiseSuppression_SystemNoiseProfile_1_209
-105            // LVAC_LVAC_NoiseSuppression_SystemNoiseProfile_1_210
-105            // LVAC_LVAC_NoiseSuppression_SystemNoiseProfile_1_211
-105            // LVAC_LVAC_NoiseSuppression_SystemNoiseProfile_1_212
-105            // LVAC_LVAC_NoiseSuppression_SystemNoiseProfile_1_213
-105            // LVAC_LVAC_NoiseSuppression_SystemNoiseProfile_1_214
-105            // LVAC_LVAC_NoiseSuppression_SystemNoiseProfile_1_215
-105            // LVAC_LVAC_NoiseSuppression_SystemNoiseProfile_1_216
-105            // LVAC_LVAC_NoiseSuppression_SystemNoiseProfile_1_217
-105            // LVAC_LVAC_NoiseSuppression_SystemNoiseProfile_1_218
-105            // LVAC_LVAC_NoiseSuppression_SystemNoiseProfile_1_219
-105            // LVAC_LVAC_NoiseSuppression_SystemNoiseProfile_1_220
-105            // LVAC_LVAC_NoiseSuppression_SystemNoiseProfile_1_221
-105            // LVAC_LVAC_NoiseSuppression_SystemNoiseProfile_1_222
-105            // LVAC_LVAC_NoiseSuppression_SystemNoiseProfile_1_223
-105            // LVAC_LVAC_NoiseSuppression_SystemNoiseProfile_1_224
-105            // LVAC_LVAC_NoiseSuppression_SystemNoiseProfile_1_225
-105            // LVAC_LVAC_NoiseSuppression_SystemNoiseProfile_1_226
-105            // LVAC_LVAC_NoiseSuppression_SystemNoiseProfile_1_227
-105            // LVAC_LVAC_NoiseSuppression_SystemNoiseProfile_1_228
-105            // LVAC_LVAC_NoiseSuppression_SystemNoiseProfile_1_229
-105            // LVAC_LVAC_NoiseSuppression_SystemNoiseProfile_1_230
-105            // LVAC_LVAC_NoiseSuppression_SystemNoiseProfile_1_231
-105            // LVAC_LVAC_NoiseSuppression_SystemNoiseProfile_1_232
-105            // LVAC_LVAC_NoiseSuppression_SystemNoiseProfile_1_233
-105            // LVAC_LVAC_NoiseSuppression_SystemNoiseProfile_1_234
-105            // LVAC_LVAC_NoiseSuppression_SystemNoiseProfile_1_235
-105            // LVAC_LVAC_NoiseSuppression_SystemNoiseProfile_1_236
-105            // LVAC_LVAC_NoiseSuppression_SystemNoiseProfile_1_237
-105            // LVAC_LVAC_NoiseSuppression_SystemNoiseProfile_1_238
-104            // LVAC_LVAC_NoiseSuppression_SystemNoiseProfile_1_239
-105            // LVAC_LVAC_NoiseSuppression_SystemNoiseProfile_1_240
-105            // LVAC_LVAC_NoiseSuppression_SystemNoiseProfile_1_241
-105            // LVAC_LVAC_NoiseSuppression_SystemNoiseProfile_1_242
-105            // LVAC_LVAC_NoiseSuppression_SystemNoiseProfile_1_243
-105            // LVAC_LVAC_NoiseSuppression_SystemNoiseProfile_1_244
-105            // LVAC_LVAC_NoiseSuppression_SystemNoiseProfile_1_245
-105            // LVAC_LVAC_NoiseSuppression_SystemNoiseProfile_1_246
-105            // LVAC_LVAC_NoiseSuppression_SystemNoiseProfile_1_247
-105            // LVAC_LVAC_NoiseSuppression_SystemNoiseProfile_1_248
-105            // LVAC_LVAC_NoiseSuppression_SystemNoiseProfile_1_249
-105            // LVAC_LVAC_NoiseSuppression_SystemNoiseProfile_1_250
-105            // LVAC_LVAC_NoiseSuppression_SystemNoiseProfile_1_251
-105            // LVAC_LVAC_NoiseSuppression_SystemNoiseProfile_1_252
-105            // LVAC_LVAC_NoiseSuppression_SystemNoiseProfile_1_253
-105            // LVAC_LVAC_NoiseSuppression_SystemNoiseProfile_1_254
-104            // LVAC_LVAC_NoiseSuppression_SystemNoiseProfile_1_255
-104            // LVAC_LVAC_NoiseSuppression_SystemNoiseProfile_1_256
-105            // LVAC_LVAC_NoiseSuppression_SystemNoiseProfile_1_257
-105            // LVAC_LVAC_NoiseSuppression_SystemNoiseProfile_1_258
-104            // LVAC_LVAC_NoiseSuppression_SystemNoiseProfile_1_259
-105            // LVAC_LVAC_NoiseSuppression_SystemNoiseProfile_1_260
-105            // LVAC_LVAC_NoiseSuppression_SystemNoiseProfile_1_261
-105            // LVAC_LVAC_NoiseSuppression_SystemNoiseProfile_1_262
-105            // LVAC_LVAC_NoiseSuppression_SystemNoiseProfile_1_263
-105            // LVAC_LVAC_NoiseSuppression_SystemNoiseProfile_1_264
-105            // LVAC_LVAC_NoiseSuppression_SystemNoiseProfile_1_265
-104            // LVAC_LVAC_NoiseSuppression_SystemNoiseProfile_1_266
-105            // LVAC_LVAC_NoiseSuppression_SystemNoiseProfile_1_267
-105            // LVAC_LVAC_NoiseSuppression_SystemNoiseProfile_1_268
-105            // LVAC_LVAC_NoiseSuppression_SystemNoiseProfile_1_269
-105            // LVAC_LVAC_NoiseSuppression_SystemNoiseProfile_1_270
-105            // LVAC_LVAC_NoiseSuppression_SystemNoiseProfile_1_271
-105            // LVAC_LVAC_NoiseSuppression_SystemNoiseProfile_1_272
-105            // LVAC_LVAC_NoiseSuppression_SystemNoiseProfile_1_273
-104            // LVAC_LVAC_NoiseSuppression_SystemNoiseProfile_1_274
-104            // LVAC_LVAC_NoiseSuppression_SystemNoiseProfile_1_275
-105            // LVAC_LVAC_NoiseSuppression_SystemNoiseProfile_1_276
-105            // LVAC_LVAC_NoiseSuppression_SystemNoiseProfile_1_277
-105            // LVAC_LVAC_NoiseSuppression_SystemNoiseProfile_1_278
-104            // LVAC_LVAC_NoiseSuppression_SystemNoiseProfile_1_279
-104            // LVAC_LVAC_NoiseSuppression_SystemNoiseProfile_1_280
-105            // LVAC_LVAC_NoiseSuppression_SystemNoiseProfile_1_281
-105            // LVAC_LVAC_NoiseSuppression_SystemNoiseProfile_1_282
-104            // LVAC_LVAC_NoiseSuppression_SystemNoiseProfile_1_283
-105            // LVAC_LVAC_NoiseSuppression_SystemNoiseProfile_1_284
-105            // LVAC_LVAC_NoiseSuppression_SystemNoiseProfile_1_285
-105            // LVAC_LVAC_NoiseSuppression_SystemNoiseProfile_1_286
-105            // LVAC_LVAC_NoiseSuppression_SystemNoiseProfile_1_287
-105            // LVAC_LVAC_NoiseSuppression_SystemNoiseProfile_1_288
-105            // LVAC_LVAC_NoiseSuppression_SystemNoiseProfile_1_289
-105            // LVAC_LVAC_NoiseSuppression_SystemNoiseProfile_1_290
-105            // LVAC_LVAC_NoiseSuppression_SystemNoiseProfile_1_291
-105            // LVAC_LVAC_NoiseSuppression_SystemNoiseProfile_1_292
-105            // LVAC_LVAC_NoiseSuppression_SystemNoiseProfile_1_293
-104            // LVAC_LVAC_NoiseSuppression_SystemNoiseProfile_1_294
-105            // LVAC_LVAC_NoiseSuppression_SystemNoiseProfile_1_295
-104            // LVAC_LVAC_NoiseSuppression_SystemNoiseProfile_1_296
-104            // LVAC_LVAC_NoiseSuppression_SystemNoiseProfile_1_297
-104            // LVAC_LVAC_NoiseSuppression_SystemNoiseProfile_1_298
-104            // LVAC_LVAC_NoiseSuppression_SystemNoiseProfile_1_299
-104            // LVAC_LVAC_NoiseSuppression_SystemNoiseProfile_1_300
-105            // LVAC_LVAC_NoiseSuppression_SystemNoiseProfile_1_301
-105            // LVAC_LVAC_NoiseSuppression_SystemNoiseProfile_1_302
-105            // LVAC_LVAC_NoiseSuppression_SystemNoiseProfile_1_303
-105            // LVAC_LVAC_NoiseSuppression_SystemNoiseProfile_1_304
-105            // LVAC_LVAC_NoiseSuppression_SystemNoiseProfile_1_305
-105            // LVAC_LVAC_NoiseSuppression_SystemNoiseProfile_1_306
-104            // LVAC_LVAC_NoiseSuppression_SystemNoiseProfile_1_307
-105            // LVAC_LVAC_NoiseSuppression_SystemNoiseProfile_1_308
-105            // LVAC_LVAC_NoiseSuppression_SystemNoiseProfile_1_309
-105            // LVAC_LVAC_NoiseSuppression_SystemNoiseProfile_1_310
-105            // LVAC_LVAC_NoiseSuppression_SystemNoiseProfile_1_311
-105            // LVAC_LVAC_NoiseSuppression_SystemNoiseProfile_1_312
-105            // LVAC_LVAC_NoiseSuppression_SystemNoiseProfile_1_313
-105            // LVAC_LVAC_NoiseSuppression_SystemNoiseProfile_1_314
-105            // LVAC_LVAC_NoiseSuppression_SystemNoiseProfile_1_315
-104            // LVAC_LVAC_NoiseSuppression_SystemNoiseProfile_1_316
-105            // LVAC_LVAC_NoiseSuppression_SystemNoiseProfile_1_317
-105            // LVAC_LVAC_NoiseSuppression_SystemNoiseProfile_1_318
-104            // LVAC_LVAC_NoiseSuppression_SystemNoiseProfile_1_319
-105            // LVAC_LVAC_NoiseSuppression_SystemNoiseProfile_1_320
-105            // LVAC_LVAC_NoiseSuppression_SystemNoiseProfile_1_321
-105            // LVAC_LVAC_NoiseSuppression_SystemNoiseProfile_1_322
-105            // LVAC_LVAC_NoiseSuppression_SystemNoiseProfile_1_323
-105            // LVAC_LVAC_NoiseSuppression_SystemNoiseProfile_1_324
-105            // LVAC_LVAC_NoiseSuppression_SystemNoiseProfile_1_325
-105            // LVAC_LVAC_NoiseSuppression_SystemNoiseProfile_1_326
-104            // LVAC_LVAC_NoiseSuppression_SystemNoiseProfile_1_327
-104            // LVAC_LVAC_NoiseSuppression_SystemNoiseProfile_1_328
-104            // LVAC_LVAC_NoiseSuppression_SystemNoiseProfile_1_329
-104            // LVAC_LVAC_NoiseSuppression_SystemNoiseProfile_1_330
-105            // LVAC_LVAC_NoiseSuppression_SystemNoiseProfile_1_331
-104            // LVAC_LVAC_NoiseSuppression_SystemNoiseProfile_1_332
-105            // LVAC_LVAC_NoiseSuppression_SystemNoiseProfile_1_333
-105            // LVAC_LVAC_NoiseSuppression_SystemNoiseProfile_1_334
-104            // LVAC_LVAC_NoiseSuppression_SystemNoiseProfile_1_335
-105            // LVAC_LVAC_NoiseSuppression_SystemNoiseProfile_1_336
-105            // LVAC_LVAC_NoiseSuppression_SystemNoiseProfile_1_337
-104            // LVAC_LVAC_NoiseSuppression_SystemNoiseProfile_1_338
-105            // LVAC_LVAC_NoiseSuppression_SystemNoiseProfile_1_339
-105            // LVAC_LVAC_NoiseSuppression_SystemNoiseProfile_1_340
-105            // LVAC_LVAC_NoiseSuppression_SystemNoiseProfile_1_341
-105            // LVAC_LVAC_NoiseSuppression_SystemNoiseProfile_1_342
-104            // LVAC_LVAC_NoiseSuppression_SystemNoiseProfile_1_343
-104            // LVAC_LVAC_NoiseSuppression_SystemNoiseProfile_1_344
-104            // LVAC_LVAC_NoiseSuppression_SystemNoiseProfile_1_345
-104            // LVAC_LVAC_NoiseSuppression_SystemNoiseProfile_1_346
-104            // LVAC_LVAC_NoiseSuppression_SystemNoiseProfile_1_347
-104            // LVAC_LVAC_NoiseSuppression_SystemNoiseProfile_1_348
-104            // LVAC_LVAC_NoiseSuppression_SystemNoiseProfile_1_349
-105            // LVAC_LVAC_NoiseSuppression_SystemNoiseProfile_1_350
-105            // LVAC_LVAC_NoiseSuppression_SystemNoiseProfile_1_351
-105            // LVAC_LVAC_NoiseSuppression_SystemNoiseProfile_1_352
-105            // LVAC_LVAC_NoiseSuppression_SystemNoiseProfile_1_353
-105            // LVAC_LVAC_NoiseSuppression_SystemNoiseProfile_1_354
-105            // LVAC_LVAC_NoiseSuppression_SystemNoiseProfile_1_355
-105            // LVAC_LVAC_NoiseSuppression_SystemNoiseProfile_1_356
-105            // LVAC_LVAC_NoiseSuppression_SystemNoiseProfile_1_357
-104            // LVAC_LVAC_NoiseSuppression_SystemNoiseProfile_1_358
-105            // LVAC_LVAC_NoiseSuppression_SystemNoiseProfile_1_359
-105            // LVAC_LVAC_NoiseSuppression_SystemNoiseProfile_1_360
-104            // LVAC_LVAC_NoiseSuppression_SystemNoiseProfile_1_361
-104            // LVAC_LVAC_NoiseSuppression_SystemNoiseProfile_1_362
-104            // LVAC_LVAC_NoiseSuppression_SystemNoiseProfile_1_363
-105            // LVAC_LVAC_NoiseSuppression_SystemNoiseProfile_1_364
-105            // LVAC_LVAC_NoiseSuppression_SystemNoiseProfile_1_365
-105            // LVAC_LVAC_NoiseSuppression_SystemNoiseProfile_1_366
-104            // LVAC_LVAC_NoiseSuppression_SystemNoiseProfile_1_367
-105            // LVAC_LVAC_NoiseSuppression_SystemNoiseProfile_1_368
-104            // LVAC_LVAC_NoiseSuppression_SystemNoiseProfile_1_369
-104            // LVAC_LVAC_NoiseSuppression_SystemNoiseProfile_1_370
-104            // LVAC_LVAC_NoiseSuppression_SystemNoiseProfile_1_371
-105            // LVAC_LVAC_NoiseSuppression_SystemNoiseProfile_1_372
-105            // LVAC_LVAC_NoiseSuppression_SystemNoiseProfile_1_373
-105            // LVAC_LVAC_NoiseSuppression_SystemNoiseProfile_1_374
-105            // LVAC_LVAC_NoiseSuppression_SystemNoiseProfile_1_375
-104            // LVAC_LVAC_NoiseSuppression_SystemNoiseProfile_1_376
-105            // LVAC_LVAC_NoiseSuppression_SystemNoiseProfile_1_377
-105            // LVAC_LVAC_NoiseSuppression_SystemNoiseProfile_1_378
-105            // LVAC_LVAC_NoiseSuppression_SystemNoiseProfile_1_379
-104            // LVAC_LVAC_NoiseSuppression_SystemNoiseProfile_1_380
-104            // LVAC_LVAC_NoiseSuppression_SystemNoiseProfile_1_381
-104            // LVAC_LVAC_NoiseSuppression_SystemNoiseProfile_1_382
-104            // LVAC_LVAC_NoiseSuppression_SystemNoiseProfile_1_383
-104            // LVAC_LVAC_NoiseSuppression_SystemNoiseProfile_1_384
-104            // LVAC_LVAC_NoiseSuppression_SystemNoiseProfile_1_385
-105            // LVAC_LVAC_NoiseSuppression_SystemNoiseProfile_1_386
-105            // LVAC_LVAC_NoiseSuppression_SystemNoiseProfile_1_387
-105            // LVAC_LVAC_NoiseSuppression_SystemNoiseProfile_1_388
-105            // LVAC_LVAC_NoiseSuppression_SystemNoiseProfile_1_389
-104            // LVAC_LVAC_NoiseSuppression_SystemNoiseProfile_1_390
-105            // LVAC_LVAC_NoiseSuppression_SystemNoiseProfile_1_391
-105            // LVAC_LVAC_NoiseSuppression_SystemNoiseProfile_1_392
-105            // LVAC_LVAC_NoiseSuppression_SystemNoiseProfile_1_393
-105            // LVAC_LVAC_NoiseSuppression_SystemNoiseProfile_1_394
-105            // LVAC_LVAC_NoiseSuppression_SystemNoiseProfile_1_395
-104            // LVAC_LVAC_NoiseSuppression_SystemNoiseProfile_1_396
-105            // LVAC_LVAC_NoiseSuppression_SystemNoiseProfile_1_397
-104            // LVAC_LVAC_NoiseSuppression_SystemNoiseProfile_1_398
-104            // LVAC_LVAC_NoiseSuppression_SystemNoiseProfile_1_399
-105            // LVAC_LVAC_NoiseSuppression_SystemNoiseProfile_1_400
-105            // LVAC_LVAC_NoiseSuppression_SystemNoiseProfile_1_401
-105            // LVAC_LVAC_NoiseSuppression_SystemNoiseProfile_1_402
-105            // LVAC_LVAC_NoiseSuppression_SystemNoiseProfile_1_403
-105            // LVAC_LVAC_NoiseSuppression_SystemNoiseProfile_1_404
-105            // LVAC_LVAC_NoiseSuppression_SystemNoiseProfile_1_405
-105            // LVAC_LVAC_NoiseSuppression_SystemNoiseProfile_1_406
-104            // LVAC_LVAC_NoiseSuppression_SystemNoiseProfile_1_407
-105            // LVAC_LVAC_NoiseSuppression_SystemNoiseProfile_1_408
-105            // LVAC_LVAC_NoiseSuppression_SystemNoiseProfile_1_409
-105            // LVAC_LVAC_NoiseSuppression_SystemNoiseProfile_1_410
-104            // LVAC_LVAC_NoiseSuppression_SystemNoiseProfile_1_411
-105            // LVAC_LVAC_NoiseSuppression_SystemNoiseProfile_1_412
-105            // LVAC_LVAC_NoiseSuppression_SystemNoiseProfile_1_413
-105            // LVAC_LVAC_NoiseSuppression_SystemNoiseProfile_1_414
-105            // LVAC_LVAC_NoiseSuppression_SystemNoiseProfile_1_415
-105            // LVAC_LVAC_NoiseSuppression_SystemNoiseProfile_1_416
-105            // LVAC_LVAC_NoiseSuppression_SystemNoiseProfile_1_417
-105            // LVAC_LVAC_NoiseSuppression_SystemNoiseProfile_1_418
-105            // LVAC_LVAC_NoiseSuppression_SystemNoiseProfile_1_419
-105            // LVAC_LVAC_NoiseSuppression_SystemNoiseProfile_1_420
-104            // LVAC_LVAC_NoiseSuppression_SystemNoiseProfile_1_421
-105            // LVAC_LVAC_NoiseSuppression_SystemNoiseProfile_1_422
-105            // LVAC_LVAC_NoiseSuppression_SystemNoiseProfile_1_423
-105            // LVAC_LVAC_NoiseSuppression_SystemNoiseProfile_1_424
-105            // LVAC_LVAC_NoiseSuppression_SystemNoiseProfile_1_425
-105            // LVAC_LVAC_NoiseSuppression_SystemNoiseProfile_1_426
-104            // LVAC_LVAC_NoiseSuppression_SystemNoiseProfile_1_427
-104            // LVAC_LVAC_NoiseSuppression_SystemNoiseProfile_1_428
-105            // LVAC_LVAC_NoiseSuppression_SystemNoiseProfile_1_429
-105            // LVAC_LVAC_NoiseSuppression_SystemNoiseProfile_1_430
-105            // LVAC_LVAC_NoiseSuppression_SystemNoiseProfile_1_431
-105            // LVAC_LVAC_NoiseSuppression_SystemNoiseProfile_1_432
-105            // LVAC_LVAC_NoiseSuppression_SystemNoiseProfile_1_433
-105            // LVAC_LVAC_NoiseSuppression_SystemNoiseProfile_1_434
-105            // LVAC_LVAC_NoiseSuppression_SystemNoiseProfile_1_435
-105            // LVAC_LVAC_NoiseSuppression_SystemNoiseProfile_1_436
-105            // LVAC_LVAC_NoiseSuppression_SystemNoiseProfile_1_437
-105            // LVAC_LVAC_NoiseSuppression_SystemNoiseProfile_1_438
-105            // LVAC_LVAC_NoiseSuppression_SystemNoiseProfile_1_439
-105            // LVAC_LVAC_NoiseSuppression_SystemNoiseProfile_1_440
-104            // LVAC_LVAC_NoiseSuppression_SystemNoiseProfile_1_441
-105            // LVAC_LVAC_NoiseSuppression_SystemNoiseProfile_1_442
-105            // LVAC_LVAC_NoiseSuppression_SystemNoiseProfile_1_443
-105            // LVAC_LVAC_NoiseSuppression_SystemNoiseProfile_1_444
-104            // LVAC_LVAC_NoiseSuppression_SystemNoiseProfile_1_445
-105            // LVAC_LVAC_NoiseSuppression_SystemNoiseProfile_1_446
-104            // LVAC_LVAC_NoiseSuppression_SystemNoiseProfile_1_447
-104            // LVAC_LVAC_NoiseSuppression_SystemNoiseProfile_1_448
-105            // LVAC_LVAC_NoiseSuppression_SystemNoiseProfile_1_449
-105            // LVAC_LVAC_NoiseSuppression_SystemNoiseProfile_1_450
-105            // LVAC_LVAC_NoiseSuppression_SystemNoiseProfile_1_451
-105            // LVAC_LVAC_NoiseSuppression_SystemNoiseProfile_1_452
-105            // LVAC_LVAC_NoiseSuppression_SystemNoiseProfile_1_453
-105            // LVAC_LVAC_NoiseSuppression_SystemNoiseProfile_1_454
-105            // LVAC_LVAC_NoiseSuppression_SystemNoiseProfile_1_455
-105            // LVAC_LVAC_NoiseSuppression_SystemNoiseProfile_1_456
-105            // LVAC_LVAC_NoiseSuppression_SystemNoiseProfile_1_457
-105            // LVAC_LVAC_NoiseSuppression_SystemNoiseProfile_1_458
-105            // LVAC_LVAC_NoiseSuppression_SystemNoiseProfile_1_459
-104            // LVAC_LVAC_NoiseSuppression_SystemNoiseProfile_1_460
-105            // LVAC_LVAC_NoiseSuppression_SystemNoiseProfile_1_461
-105            // LVAC_LVAC_NoiseSuppression_SystemNoiseProfile_1_462
-105            // LVAC_LVAC_NoiseSuppression_SystemNoiseProfile_1_463
-105            // LVAC_LVAC_NoiseSuppression_SystemNoiseProfile_1_464
-105            // LVAC_LVAC_NoiseSuppression_SystemNoiseProfile_1_465
-105            // LVAC_LVAC_NoiseSuppression_SystemNoiseProfile_1_466
-105            // LVAC_LVAC_NoiseSuppression_SystemNoiseProfile_1_467
-105            // LVAC_LVAC_NoiseSuppression_SystemNoiseProfile_1_468
-105            // LVAC_LVAC_NoiseSuppression_SystemNoiseProfile_1_469
-105            // LVAC_LVAC_NoiseSuppression_SystemNoiseProfile_1_470
-105            // LVAC_LVAC_NoiseSuppression_SystemNoiseProfile_1_471
-105            // LVAC_LVAC_NoiseSuppression_SystemNoiseProfile_1_472
-105            // LVAC_LVAC_NoiseSuppression_SystemNoiseProfile_1_473
-105            // LVAC_LVAC_NoiseSuppression_SystemNoiseProfile_1_474
-105            // LVAC_LVAC_NoiseSuppression_SystemNoiseProfile_1_475
-105            // LVAC_LVAC_NoiseSuppression_SystemNoiseProfile_1_476
-105            // LVAC_LVAC_NoiseSuppression_SystemNoiseProfile_1_477
-105            // LVAC_LVAC_NoiseSuppression_SystemNoiseProfile_1_478
-105            // LVAC_LVAC_NoiseSuppression_SystemNoiseProfile_1_479
-105            // LVAC_LVAC_NoiseSuppression_SystemNoiseProfile_1_480
-105            // LVAC_LVAC_NoiseSuppression_SystemNoiseProfile_1_481
-105            // LVAC_LVAC_NoiseSuppression_SystemNoiseProfile_1_482
-105            // LVAC_LVAC_NoiseSuppression_SystemNoiseProfile_1_483
-105            // LVAC_LVAC_NoiseSuppression_SystemNoiseProfile_1_484
-105            // LVAC_LVAC_NoiseSuppression_SystemNoiseProfile_1_485
-105            // LVAC_LVAC_NoiseSuppression_SystemNoiseProfile_1_486
-105            // LVAC_LVAC_NoiseSuppression_SystemNoiseProfile_1_487
-105            // LVAC_LVAC_NoiseSuppression_SystemNoiseProfile_1_488
-105            // LVAC_LVAC_NoiseSuppression_SystemNoiseProfile_1_489
-105            // LVAC_LVAC_NoiseSuppression_SystemNoiseProfile_1_490
-105            // LVAC_LVAC_NoiseSuppression_SystemNoiseProfile_1_491
-105            // LVAC_LVAC_NoiseSuppression_SystemNoiseProfile_1_492
-105            // LVAC_LVAC_NoiseSuppression_SystemNoiseProfile_1_493
-105            // LVAC_LVAC_NoiseSuppression_SystemNoiseProfile_1_494
-105            // LVAC_LVAC_NoiseSuppression_SystemNoiseProfile_1_495
-105            // LVAC_LVAC_NoiseSuppression_SystemNoiseProfile_1_496
-105            // LVAC_LVAC_NoiseSuppression_SystemNoiseProfile_1_497
-105            // LVAC_LVAC_NoiseSuppression_SystemNoiseProfile_1_498
-105            // LVAC_LVAC_NoiseSuppression_SystemNoiseProfile_1_499
-105            // LVAC_LVAC_NoiseSuppression_SystemNoiseProfile_1_500
-105            // LVAC_LVAC_NoiseSuppression_SystemNoiseProfile_1_501
-105            // LVAC_LVAC_NoiseSuppression_SystemNoiseProfile_1_502
-105            // LVAC_LVAC_NoiseSuppression_SystemNoiseProfile_1_503
-105            // LVAC_LVAC_NoiseSuppression_SystemNoiseProfile_1_504
-105            // LVAC_LVAC_NoiseSuppression_SystemNoiseProfile_1_505
-105            // LVAC_LVAC_NoiseSuppression_SystemNoiseProfile_1_506
-105            // LVAC_LVAC_NoiseSuppression_SystemNoiseProfile_1_507
-105            // LVAC_LVAC_NoiseSuppression_SystemNoiseProfile_1_508
-105            // LVAC_LVAC_NoiseSuppression_SystemNoiseProfile_1_509
-105            // LVAC_LVAC_NoiseSuppression_SystemNoiseProfile_1_510
-105            // LVAC_LVAC_NoiseSuppression_SystemNoiseProfile_1_511
-105            // LVAC_LVAC_NoiseSuppression_SystemNoiseProfile_1_512
-144            // LVAC_LVAC_NoiseSuppression_SystemNoiseProfile_2_0
-144            // LVAC_LVAC_NoiseSuppression_SystemNoiseProfile_2_1
-144            // LVAC_LVAC_NoiseSuppression_SystemNoiseProfile_2_2
-144            // LVAC_LVAC_NoiseSuppression_SystemNoiseProfile_2_3
-144            // LVAC_LVAC_NoiseSuppression_SystemNoiseProfile_2_4
-144            // LVAC_LVAC_NoiseSuppression_SystemNoiseProfile_2_5
-144            // LVAC_LVAC_NoiseSuppression_SystemNoiseProfile_2_6
-144            // LVAC_LVAC_NoiseSuppression_SystemNoiseProfile_2_7
-144            // LVAC_LVAC_NoiseSuppression_SystemNoiseProfile_2_8
-144            // LVAC_LVAC_NoiseSuppression_SystemNoiseProfile_2_9
-144            // LVAC_LVAC_NoiseSuppression_SystemNoiseProfile_2_10
-144            // LVAC_LVAC_NoiseSuppression_SystemNoiseProfile_2_11
-144            // LVAC_LVAC_NoiseSuppression_SystemNoiseProfile_2_12
-144            // LVAC_LVAC_NoiseSuppression_SystemNoiseProfile_2_13
-144            // LVAC_LVAC_NoiseSuppression_SystemNoiseProfile_2_14
-144            // LVAC_LVAC_NoiseSuppression_SystemNoiseProfile_2_15
-144            // LVAC_LVAC_NoiseSuppression_SystemNoiseProfile_2_16
-144            // LVAC_LVAC_NoiseSuppression_SystemNoiseProfile_2_17
-144            // LVAC_LVAC_NoiseSuppression_SystemNoiseProfile_2_18
-144            // LVAC_LVAC_NoiseSuppression_SystemNoiseProfile_2_19
-144            // LVAC_LVAC_NoiseSuppression_SystemNoiseProfile_2_20
-144            // LVAC_LVAC_NoiseSuppression_SystemNoiseProfile_2_21
-144            // LVAC_LVAC_NoiseSuppression_SystemNoiseProfile_2_22
-144            // LVAC_LVAC_NoiseSuppression_SystemNoiseProfile_2_23
-144            // LVAC_LVAC_NoiseSuppression_SystemNoiseProfile_2_24
-144            // LVAC_LVAC_NoiseSuppression_SystemNoiseProfile_2_25
-144            // LVAC_LVAC_NoiseSuppression_SystemNoiseProfile_2_26
-144            // LVAC_LVAC_NoiseSuppression_SystemNoiseProfile_2_27
-144            // LVAC_LVAC_NoiseSuppression_SystemNoiseProfile_2_28
-144            // LVAC_LVAC_NoiseSuppression_SystemNoiseProfile_2_29
-144            // LVAC_LVAC_NoiseSuppression_SystemNoiseProfile_2_30
-144            // LVAC_LVAC_NoiseSuppression_SystemNoiseProfile_2_31
-144            // LVAC_LVAC_NoiseSuppression_SystemNoiseProfile_2_32
-144            // LVAC_LVAC_NoiseSuppression_SystemNoiseProfile_2_33
-144            // LVAC_LVAC_NoiseSuppression_SystemNoiseProfile_2_34
-144            // LVAC_LVAC_NoiseSuppression_SystemNoiseProfile_2_35
-144            // LVAC_LVAC_NoiseSuppression_SystemNoiseProfile_2_36
-144            // LVAC_LVAC_NoiseSuppression_SystemNoiseProfile_2_37
-144            // LVAC_LVAC_NoiseSuppression_SystemNoiseProfile_2_38
-144            // LVAC_LVAC_NoiseSuppression_SystemNoiseProfile_2_39
-144            // LVAC_LVAC_NoiseSuppression_SystemNoiseProfile_2_40
-144            // LVAC_LVAC_NoiseSuppression_SystemNoiseProfile_2_41
-144            // LVAC_LVAC_NoiseSuppression_SystemNoiseProfile_2_42
-144            // LVAC_LVAC_NoiseSuppression_SystemNoiseProfile_2_43
-144            // LVAC_LVAC_NoiseSuppression_SystemNoiseProfile_2_44
-144            // LVAC_LVAC_NoiseSuppression_SystemNoiseProfile_2_45
-144            // LVAC_LVAC_NoiseSuppression_SystemNoiseProfile_2_46
-144            // LVAC_LVAC_NoiseSuppression_SystemNoiseProfile_2_47
-144            // LVAC_LVAC_NoiseSuppression_SystemNoiseProfile_2_48
-144            // LVAC_LVAC_NoiseSuppression_SystemNoiseProfile_2_49
-144            // LVAC_LVAC_NoiseSuppression_SystemNoiseProfile_2_50
-144            // LVAC_LVAC_NoiseSuppression_SystemNoiseProfile_2_51
-144            // LVAC_LVAC_NoiseSuppression_SystemNoiseProfile_2_52
-144            // LVAC_LVAC_NoiseSuppression_SystemNoiseProfile_2_53
-144            // LVAC_LVAC_NoiseSuppression_SystemNoiseProfile_2_54
-144            // LVAC_LVAC_NoiseSuppression_SystemNoiseProfile_2_55
-144            // LVAC_LVAC_NoiseSuppression_SystemNoiseProfile_2_56
-144            // LVAC_LVAC_NoiseSuppression_SystemNoiseProfile_2_57
-144            // LVAC_LVAC_NoiseSuppression_SystemNoiseProfile_2_58
-144            // LVAC_LVAC_NoiseSuppression_SystemNoiseProfile_2_59
-144            // LVAC_LVAC_NoiseSuppression_SystemNoiseProfile_2_60
-144            // LVAC_LVAC_NoiseSuppression_SystemNoiseProfile_2_61
-144            // LVAC_LVAC_NoiseSuppression_SystemNoiseProfile_2_62
-144            // LVAC_LVAC_NoiseSuppression_SystemNoiseProfile_2_63
-144            // LVAC_LVAC_NoiseSuppression_SystemNoiseProfile_2_64
-144            // LVAC_LVAC_NoiseSuppression_SystemNoiseProfile_2_65
-144            // LVAC_LVAC_NoiseSuppression_SystemNoiseProfile_2_66
-144            // LVAC_LVAC_NoiseSuppression_SystemNoiseProfile_2_67
-144            // LVAC_LVAC_NoiseSuppression_SystemNoiseProfile_2_68
-144            // LVAC_LVAC_NoiseSuppression_SystemNoiseProfile_2_69
-144            // LVAC_LVAC_NoiseSuppression_SystemNoiseProfile_2_70
-144            // LVAC_LVAC_NoiseSuppression_SystemNoiseProfile_2_71
-144            // LVAC_LVAC_NoiseSuppression_SystemNoiseProfile_2_72
-144            // LVAC_LVAC_NoiseSuppression_SystemNoiseProfile_2_73
-144            // LVAC_LVAC_NoiseSuppression_SystemNoiseProfile_2_74
-144            // LVAC_LVAC_NoiseSuppression_SystemNoiseProfile_2_75
-144            // LVAC_LVAC_NoiseSuppression_SystemNoiseProfile_2_76
-144            // LVAC_LVAC_NoiseSuppression_SystemNoiseProfile_2_77
-144            // LVAC_LVAC_NoiseSuppression_SystemNoiseProfile_2_78
-144            // LVAC_LVAC_NoiseSuppression_SystemNoiseProfile_2_79
-144            // LVAC_LVAC_NoiseSuppression_SystemNoiseProfile_2_80
-144            // LVAC_LVAC_NoiseSuppression_SystemNoiseProfile_2_81
-144            // LVAC_LVAC_NoiseSuppression_SystemNoiseProfile_2_82
-144            // LVAC_LVAC_NoiseSuppression_SystemNoiseProfile_2_83
-144            // LVAC_LVAC_NoiseSuppression_SystemNoiseProfile_2_84
-144            // LVAC_LVAC_NoiseSuppression_SystemNoiseProfile_2_85
-144            // LVAC_LVAC_NoiseSuppression_SystemNoiseProfile_2_86
-144            // LVAC_LVAC_NoiseSuppression_SystemNoiseProfile_2_87
-144            // LVAC_LVAC_NoiseSuppression_SystemNoiseProfile_2_88
-144            // LVAC_LVAC_NoiseSuppression_SystemNoiseProfile_2_89
-144            // LVAC_LVAC_NoiseSuppression_SystemNoiseProfile_2_90
-144            // LVAC_LVAC_NoiseSuppression_SystemNoiseProfile_2_91
-144            // LVAC_LVAC_NoiseSuppression_SystemNoiseProfile_2_92
-144            // LVAC_LVAC_NoiseSuppression_SystemNoiseProfile_2_93
-144            // LVAC_LVAC_NoiseSuppression_SystemNoiseProfile_2_94
-144            // LVAC_LVAC_NoiseSuppression_SystemNoiseProfile_2_95
-144            // LVAC_LVAC_NoiseSuppression_SystemNoiseProfile_2_96
-144            // LVAC_LVAC_NoiseSuppression_SystemNoiseProfile_2_97
-144            // LVAC_LVAC_NoiseSuppression_SystemNoiseProfile_2_98
-144            // LVAC_LVAC_NoiseSuppression_SystemNoiseProfile_2_99
-144            // LVAC_LVAC_NoiseSuppression_SystemNoiseProfile_2_100
-144            // LVAC_LVAC_NoiseSuppression_SystemNoiseProfile_2_101
-144            // LVAC_LVAC_NoiseSuppression_SystemNoiseProfile_2_102
-144            // LVAC_LVAC_NoiseSuppression_SystemNoiseProfile_2_103
-144            // LVAC_LVAC_NoiseSuppression_SystemNoiseProfile_2_104
-144            // LVAC_LVAC_NoiseSuppression_SystemNoiseProfile_2_105
-144            // LVAC_LVAC_NoiseSuppression_SystemNoiseProfile_2_106
-144            // LVAC_LVAC_NoiseSuppression_SystemNoiseProfile_2_107
-144            // LVAC_LVAC_NoiseSuppression_SystemNoiseProfile_2_108
-144            // LVAC_LVAC_NoiseSuppression_SystemNoiseProfile_2_109
-144            // LVAC_LVAC_NoiseSuppression_SystemNoiseProfile_2_110
-144            // LVAC_LVAC_NoiseSuppression_SystemNoiseProfile_2_111
-144            // LVAC_LVAC_NoiseSuppression_SystemNoiseProfile_2_112
-144            // LVAC_LVAC_NoiseSuppression_SystemNoiseProfile_2_113
-144            // LVAC_LVAC_NoiseSuppression_SystemNoiseProfile_2_114
-144            // LVAC_LVAC_NoiseSuppression_SystemNoiseProfile_2_115
-144            // LVAC_LVAC_NoiseSuppression_SystemNoiseProfile_2_116
-144            // LVAC_LVAC_NoiseSuppression_SystemNoiseProfile_2_117
-144            // LVAC_LVAC_NoiseSuppression_SystemNoiseProfile_2_118
-144            // LVAC_LVAC_NoiseSuppression_SystemNoiseProfile_2_119
-144            // LVAC_LVAC_NoiseSuppression_SystemNoiseProfile_2_120
-144            // LVAC_LVAC_NoiseSuppression_SystemNoiseProfile_2_121
-144            // LVAC_LVAC_NoiseSuppression_SystemNoiseProfile_2_122
-144            // LVAC_LVAC_NoiseSuppression_SystemNoiseProfile_2_123
-144            // LVAC_LVAC_NoiseSuppression_SystemNoiseProfile_2_124
-144            // LVAC_LVAC_NoiseSuppression_SystemNoiseProfile_2_125
-144            // LVAC_LVAC_NoiseSuppression_SystemNoiseProfile_2_126
-144            // LVAC_LVAC_NoiseSuppression_SystemNoiseProfile_2_127
-144            // LVAC_LVAC_NoiseSuppression_SystemNoiseProfile_2_128
-144            // LVAC_LVAC_NoiseSuppression_SystemNoiseProfile_2_129
-144            // LVAC_LVAC_NoiseSuppression_SystemNoiseProfile_2_130
-144            // LVAC_LVAC_NoiseSuppression_SystemNoiseProfile_2_131
-144            // LVAC_LVAC_NoiseSuppression_SystemNoiseProfile_2_132
-144            // LVAC_LVAC_NoiseSuppression_SystemNoiseProfile_2_133
-144            // LVAC_LVAC_NoiseSuppression_SystemNoiseProfile_2_134
-144            // LVAC_LVAC_NoiseSuppression_SystemNoiseProfile_2_135
-144            // LVAC_LVAC_NoiseSuppression_SystemNoiseProfile_2_136
-144            // LVAC_LVAC_NoiseSuppression_SystemNoiseProfile_2_137
-144            // LVAC_LVAC_NoiseSuppression_SystemNoiseProfile_2_138
-144            // LVAC_LVAC_NoiseSuppression_SystemNoiseProfile_2_139
-144            // LVAC_LVAC_NoiseSuppression_SystemNoiseProfile_2_140
-144            // LVAC_LVAC_NoiseSuppression_SystemNoiseProfile_2_141
-144            // LVAC_LVAC_NoiseSuppression_SystemNoiseProfile_2_142
-144            // LVAC_LVAC_NoiseSuppression_SystemNoiseProfile_2_143
-144            // LVAC_LVAC_NoiseSuppression_SystemNoiseProfile_2_144
-144            // LVAC_LVAC_NoiseSuppression_SystemNoiseProfile_2_145
-144            // LVAC_LVAC_NoiseSuppression_SystemNoiseProfile_2_146
-144            // LVAC_LVAC_NoiseSuppression_SystemNoiseProfile_2_147
-144            // LVAC_LVAC_NoiseSuppression_SystemNoiseProfile_2_148
-144            // LVAC_LVAC_NoiseSuppression_SystemNoiseProfile_2_149
-144            // LVAC_LVAC_NoiseSuppression_SystemNoiseProfile_2_150
-144            // LVAC_LVAC_NoiseSuppression_SystemNoiseProfile_2_151
-144            // LVAC_LVAC_NoiseSuppression_SystemNoiseProfile_2_152
-144            // LVAC_LVAC_NoiseSuppression_SystemNoiseProfile_2_153
-144            // LVAC_LVAC_NoiseSuppression_SystemNoiseProfile_2_154
-144            // LVAC_LVAC_NoiseSuppression_SystemNoiseProfile_2_155
-144            // LVAC_LVAC_NoiseSuppression_SystemNoiseProfile_2_156
-144            // LVAC_LVAC_NoiseSuppression_SystemNoiseProfile_2_157
-144            // LVAC_LVAC_NoiseSuppression_SystemNoiseProfile_2_158
-144            // LVAC_LVAC_NoiseSuppression_SystemNoiseProfile_2_159
-144            // LVAC_LVAC_NoiseSuppression_SystemNoiseProfile_2_160
-144            // LVAC_LVAC_NoiseSuppression_SystemNoiseProfile_2_161
-144            // LVAC_LVAC_NoiseSuppression_SystemNoiseProfile_2_162
-144            // LVAC_LVAC_NoiseSuppression_SystemNoiseProfile_2_163
-144            // LVAC_LVAC_NoiseSuppression_SystemNoiseProfile_2_164
-144            // LVAC_LVAC_NoiseSuppression_SystemNoiseProfile_2_165
-144            // LVAC_LVAC_NoiseSuppression_SystemNoiseProfile_2_166
-144            // LVAC_LVAC_NoiseSuppression_SystemNoiseProfile_2_167
-144            // LVAC_LVAC_NoiseSuppression_SystemNoiseProfile_2_168
-144            // LVAC_LVAC_NoiseSuppression_SystemNoiseProfile_2_169
-144            // LVAC_LVAC_NoiseSuppression_SystemNoiseProfile_2_170
-144            // LVAC_LVAC_NoiseSuppression_SystemNoiseProfile_2_171
-144            // LVAC_LVAC_NoiseSuppression_SystemNoiseProfile_2_172
-144            // LVAC_LVAC_NoiseSuppression_SystemNoiseProfile_2_173
-144            // LVAC_LVAC_NoiseSuppression_SystemNoiseProfile_2_174
-144            // LVAC_LVAC_NoiseSuppression_SystemNoiseProfile_2_175
-144            // LVAC_LVAC_NoiseSuppression_SystemNoiseProfile_2_176
-144            // LVAC_LVAC_NoiseSuppression_SystemNoiseProfile_2_177
-144            // LVAC_LVAC_NoiseSuppression_SystemNoiseProfile_2_178
-144            // LVAC_LVAC_NoiseSuppression_SystemNoiseProfile_2_179
-144            // LVAC_LVAC_NoiseSuppression_SystemNoiseProfile_2_180
-144            // LVAC_LVAC_NoiseSuppression_SystemNoiseProfile_2_181
-144            // LVAC_LVAC_NoiseSuppression_SystemNoiseProfile_2_182
-144            // LVAC_LVAC_NoiseSuppression_SystemNoiseProfile_2_183
-144            // LVAC_LVAC_NoiseSuppression_SystemNoiseProfile_2_184
-144            // LVAC_LVAC_NoiseSuppression_SystemNoiseProfile_2_185
-144            // LVAC_LVAC_NoiseSuppression_SystemNoiseProfile_2_186
-144            // LVAC_LVAC_NoiseSuppression_SystemNoiseProfile_2_187
-144            // LVAC_LVAC_NoiseSuppression_SystemNoiseProfile_2_188
-144            // LVAC_LVAC_NoiseSuppression_SystemNoiseProfile_2_189
-144            // LVAC_LVAC_NoiseSuppression_SystemNoiseProfile_2_190
-144            // LVAC_LVAC_NoiseSuppression_SystemNoiseProfile_2_191
-144            // LVAC_LVAC_NoiseSuppression_SystemNoiseProfile_2_192
-144            // LVAC_LVAC_NoiseSuppression_SystemNoiseProfile_2_193
-144            // LVAC_LVAC_NoiseSuppression_SystemNoiseProfile_2_194
-144            // LVAC_LVAC_NoiseSuppression_SystemNoiseProfile_2_195
-144            // LVAC_LVAC_NoiseSuppression_SystemNoiseProfile_2_196
-144            // LVAC_LVAC_NoiseSuppression_SystemNoiseProfile_2_197
-144            // LVAC_LVAC_NoiseSuppression_SystemNoiseProfile_2_198
-144            // LVAC_LVAC_NoiseSuppression_SystemNoiseProfile_2_199
-144            // LVAC_LVAC_NoiseSuppression_SystemNoiseProfile_2_200
-144            // LVAC_LVAC_NoiseSuppression_SystemNoiseProfile_2_201
-144            // LVAC_LVAC_NoiseSuppression_SystemNoiseProfile_2_202
-144            // LVAC_LVAC_NoiseSuppression_SystemNoiseProfile_2_203
-144            // LVAC_LVAC_NoiseSuppression_SystemNoiseProfile_2_204
-144            // LVAC_LVAC_NoiseSuppression_SystemNoiseProfile_2_205
-144            // LVAC_LVAC_NoiseSuppression_SystemNoiseProfile_2_206
-144            // LVAC_LVAC_NoiseSuppression_SystemNoiseProfile_2_207
-144            // LVAC_LVAC_NoiseSuppression_SystemNoiseProfile_2_208
-144            // LVAC_LVAC_NoiseSuppression_SystemNoiseProfile_2_209
-144            // LVAC_LVAC_NoiseSuppression_SystemNoiseProfile_2_210
-144            // LVAC_LVAC_NoiseSuppression_SystemNoiseProfile_2_211
-144            // LVAC_LVAC_NoiseSuppression_SystemNoiseProfile_2_212
-144            // LVAC_LVAC_NoiseSuppression_SystemNoiseProfile_2_213
-144            // LVAC_LVAC_NoiseSuppression_SystemNoiseProfile_2_214
-144            // LVAC_LVAC_NoiseSuppression_SystemNoiseProfile_2_215
-144            // LVAC_LVAC_NoiseSuppression_SystemNoiseProfile_2_216
-144            // LVAC_LVAC_NoiseSuppression_SystemNoiseProfile_2_217
-144            // LVAC_LVAC_NoiseSuppression_SystemNoiseProfile_2_218
-144            // LVAC_LVAC_NoiseSuppression_SystemNoiseProfile_2_219
-144            // LVAC_LVAC_NoiseSuppression_SystemNoiseProfile_2_220
-144            // LVAC_LVAC_NoiseSuppression_SystemNoiseProfile_2_221
-144            // LVAC_LVAC_NoiseSuppression_SystemNoiseProfile_2_222
-144            // LVAC_LVAC_NoiseSuppression_SystemNoiseProfile_2_223
-144            // LVAC_LVAC_NoiseSuppression_SystemNoiseProfile_2_224
-144            // LVAC_LVAC_NoiseSuppression_SystemNoiseProfile_2_225
-144            // LVAC_LVAC_NoiseSuppression_SystemNoiseProfile_2_226
-144            // LVAC_LVAC_NoiseSuppression_SystemNoiseProfile_2_227
-144            // LVAC_LVAC_NoiseSuppression_SystemNoiseProfile_2_228
-144            // LVAC_LVAC_NoiseSuppression_SystemNoiseProfile_2_229
-144            // LVAC_LVAC_NoiseSuppression_SystemNoiseProfile_2_230
-144            // LVAC_LVAC_NoiseSuppression_SystemNoiseProfile_2_231
-144            // LVAC_LVAC_NoiseSuppression_SystemNoiseProfile_2_232
-144            // LVAC_LVAC_NoiseSuppression_SystemNoiseProfile_2_233
-144            // LVAC_LVAC_NoiseSuppression_SystemNoiseProfile_2_234
-144            // LVAC_LVAC_NoiseSuppression_SystemNoiseProfile_2_235
-144            // LVAC_LVAC_NoiseSuppression_SystemNoiseProfile_2_236
-144            // LVAC_LVAC_NoiseSuppression_SystemNoiseProfile_2_237
-144            // LVAC_LVAC_NoiseSuppression_SystemNoiseProfile_2_238
-144            // LVAC_LVAC_NoiseSuppression_SystemNoiseProfile_2_239
-144            // LVAC_LVAC_NoiseSuppression_SystemNoiseProfile_2_240
-144            // LVAC_LVAC_NoiseSuppression_SystemNoiseProfile_2_241
-144            // LVAC_LVAC_NoiseSuppression_SystemNoiseProfile_2_242
-144            // LVAC_LVAC_NoiseSuppression_SystemNoiseProfile_2_243
-144            // LVAC_LVAC_NoiseSuppression_SystemNoiseProfile_2_244
-144            // LVAC_LVAC_NoiseSuppression_SystemNoiseProfile_2_245
-144            // LVAC_LVAC_NoiseSuppression_SystemNoiseProfile_2_246
-144            // LVAC_LVAC_NoiseSuppression_SystemNoiseProfile_2_247
-144            // LVAC_LVAC_NoiseSuppression_SystemNoiseProfile_2_248
-144            // LVAC_LVAC_NoiseSuppression_SystemNoiseProfile_2_249
-144            // LVAC_LVAC_NoiseSuppression_SystemNoiseProfile_2_250
-144            // LVAC_LVAC_NoiseSuppression_SystemNoiseProfile_2_251
-144            // LVAC_LVAC_NoiseSuppression_SystemNoiseProfile_2_252
-144            // LVAC_LVAC_NoiseSuppression_SystemNoiseProfile_2_253
-144            // LVAC_LVAC_NoiseSuppression_SystemNoiseProfile_2_254
-144            // LVAC_LVAC_NoiseSuppression_SystemNoiseProfile_2_255
-144            // LVAC_LVAC_NoiseSuppression_SystemNoiseProfile_2_256
-144            // LVAC_LVAC_NoiseSuppression_SystemNoiseProfile_2_257
-144            // LVAC_LVAC_NoiseSuppression_SystemNoiseProfile_2_258
-144            // LVAC_LVAC_NoiseSuppression_SystemNoiseProfile_2_259
-144            // LVAC_LVAC_NoiseSuppression_SystemNoiseProfile_2_260
-144            // LVAC_LVAC_NoiseSuppression_SystemNoiseProfile_2_261
-144            // LVAC_LVAC_NoiseSuppression_SystemNoiseProfile_2_262
-144            // LVAC_LVAC_NoiseSuppression_SystemNoiseProfile_2_263
-144            // LVAC_LVAC_NoiseSuppression_SystemNoiseProfile_2_264
-144            // LVAC_LVAC_NoiseSuppression_SystemNoiseProfile_2_265
-144            // LVAC_LVAC_NoiseSuppression_SystemNoiseProfile_2_266
-144            // LVAC_LVAC_NoiseSuppression_SystemNoiseProfile_2_267
-144            // LVAC_LVAC_NoiseSuppression_SystemNoiseProfile_2_268
-144            // LVAC_LVAC_NoiseSuppression_SystemNoiseProfile_2_269
-144            // LVAC_LVAC_NoiseSuppression_SystemNoiseProfile_2_270
-144            // LVAC_LVAC_NoiseSuppression_SystemNoiseProfile_2_271
-144            // LVAC_LVAC_NoiseSuppression_SystemNoiseProfile_2_272
-144            // LVAC_LVAC_NoiseSuppression_SystemNoiseProfile_2_273
-144            // LVAC_LVAC_NoiseSuppression_SystemNoiseProfile_2_274
-144            // LVAC_LVAC_NoiseSuppression_SystemNoiseProfile_2_275
-144            // LVAC_LVAC_NoiseSuppression_SystemNoiseProfile_2_276
-144            // LVAC_LVAC_NoiseSuppression_SystemNoiseProfile_2_277
-144            // LVAC_LVAC_NoiseSuppression_SystemNoiseProfile_2_278
-144            // LVAC_LVAC_NoiseSuppression_SystemNoiseProfile_2_279
-144            // LVAC_LVAC_NoiseSuppression_SystemNoiseProfile_2_280
-144            // LVAC_LVAC_NoiseSuppression_SystemNoiseProfile_2_281
-144            // LVAC_LVAC_NoiseSuppression_SystemNoiseProfile_2_282
-144            // LVAC_LVAC_NoiseSuppression_SystemNoiseProfile_2_283
-144            // LVAC_LVAC_NoiseSuppression_SystemNoiseProfile_2_284
-144            // LVAC_LVAC_NoiseSuppression_SystemNoiseProfile_2_285
-144            // LVAC_LVAC_NoiseSuppression_SystemNoiseProfile_2_286
-144            // LVAC_LVAC_NoiseSuppression_SystemNoiseProfile_2_287
-144            // LVAC_LVAC_NoiseSuppression_SystemNoiseProfile_2_288
-144            // LVAC_LVAC_NoiseSuppression_SystemNoiseProfile_2_289
-144            // LVAC_LVAC_NoiseSuppression_SystemNoiseProfile_2_290
-144            // LVAC_LVAC_NoiseSuppression_SystemNoiseProfile_2_291
-144            // LVAC_LVAC_NoiseSuppression_SystemNoiseProfile_2_292
-144            // LVAC_LVAC_NoiseSuppression_SystemNoiseProfile_2_293
-144            // LVAC_LVAC_NoiseSuppression_SystemNoiseProfile_2_294
-144            // LVAC_LVAC_NoiseSuppression_SystemNoiseProfile_2_295
-144            // LVAC_LVAC_NoiseSuppression_SystemNoiseProfile_2_296
-144            // LVAC_LVAC_NoiseSuppression_SystemNoiseProfile_2_297
-144            // LVAC_LVAC_NoiseSuppression_SystemNoiseProfile_2_298
-144            // LVAC_LVAC_NoiseSuppression_SystemNoiseProfile_2_299
-144            // LVAC_LVAC_NoiseSuppression_SystemNoiseProfile_2_300
-144            // LVAC_LVAC_NoiseSuppression_SystemNoiseProfile_2_301
-144            // LVAC_LVAC_NoiseSuppression_SystemNoiseProfile_2_302
-144            // LVAC_LVAC_NoiseSuppression_SystemNoiseProfile_2_303
-144            // LVAC_LVAC_NoiseSuppression_SystemNoiseProfile_2_304
-144            // LVAC_LVAC_NoiseSuppression_SystemNoiseProfile_2_305
-144            // LVAC_LVAC_NoiseSuppression_SystemNoiseProfile_2_306
-144            // LVAC_LVAC_NoiseSuppression_SystemNoiseProfile_2_307
-144            // LVAC_LVAC_NoiseSuppression_SystemNoiseProfile_2_308
-144            // LVAC_LVAC_NoiseSuppression_SystemNoiseProfile_2_309
-144            // LVAC_LVAC_NoiseSuppression_SystemNoiseProfile_2_310
-144            // LVAC_LVAC_NoiseSuppression_SystemNoiseProfile_2_311
-144            // LVAC_LVAC_NoiseSuppression_SystemNoiseProfile_2_312
-144            // LVAC_LVAC_NoiseSuppression_SystemNoiseProfile_2_313
-144            // LVAC_LVAC_NoiseSuppression_SystemNoiseProfile_2_314
-144            // LVAC_LVAC_NoiseSuppression_SystemNoiseProfile_2_315
-144            // LVAC_LVAC_NoiseSuppression_SystemNoiseProfile_2_316
-144            // LVAC_LVAC_NoiseSuppression_SystemNoiseProfile_2_317
-144            // LVAC_LVAC_NoiseSuppression_SystemNoiseProfile_2_318
-144            // LVAC_LVAC_NoiseSuppression_SystemNoiseProfile_2_319
-144            // LVAC_LVAC_NoiseSuppression_SystemNoiseProfile_2_320
-144            // LVAC_LVAC_NoiseSuppression_SystemNoiseProfile_2_321
-144            // LVAC_LVAC_NoiseSuppression_SystemNoiseProfile_2_322
-144            // LVAC_LVAC_NoiseSuppression_SystemNoiseProfile_2_323
-144            // LVAC_LVAC_NoiseSuppression_SystemNoiseProfile_2_324
-144            // LVAC_LVAC_NoiseSuppression_SystemNoiseProfile_2_325
-144            // LVAC_LVAC_NoiseSuppression_SystemNoiseProfile_2_326
-144            // LVAC_LVAC_NoiseSuppression_SystemNoiseProfile_2_327
-144            // LVAC_LVAC_NoiseSuppression_SystemNoiseProfile_2_328
-144            // LVAC_LVAC_NoiseSuppression_SystemNoiseProfile_2_329
-144            // LVAC_LVAC_NoiseSuppression_SystemNoiseProfile_2_330
-144            // LVAC_LVAC_NoiseSuppression_SystemNoiseProfile_2_331
-144            // LVAC_LVAC_NoiseSuppression_SystemNoiseProfile_2_332
-144            // LVAC_LVAC_NoiseSuppression_SystemNoiseProfile_2_333
-144            // LVAC_LVAC_NoiseSuppression_SystemNoiseProfile_2_334
-144            // LVAC_LVAC_NoiseSuppression_SystemNoiseProfile_2_335
-144            // LVAC_LVAC_NoiseSuppression_SystemNoiseProfile_2_336
-144            // LVAC_LVAC_NoiseSuppression_SystemNoiseProfile_2_337
-144            // LVAC_LVAC_NoiseSuppression_SystemNoiseProfile_2_338
-144            // LVAC_LVAC_NoiseSuppression_SystemNoiseProfile_2_339
-144            // LVAC_LVAC_NoiseSuppression_SystemNoiseProfile_2_340
-144            // LVAC_LVAC_NoiseSuppression_SystemNoiseProfile_2_341
-144            // LVAC_LVAC_NoiseSuppression_SystemNoiseProfile_2_342
-144            // LVAC_LVAC_NoiseSuppression_SystemNoiseProfile_2_343
-144            // LVAC_LVAC_NoiseSuppression_SystemNoiseProfile_2_344
-144            // LVAC_LVAC_NoiseSuppression_SystemNoiseProfile_2_345
-144            // LVAC_LVAC_NoiseSuppression_SystemNoiseProfile_2_346
-144            // LVAC_LVAC_NoiseSuppression_SystemNoiseProfile_2_347
-144            // LVAC_LVAC_NoiseSuppression_SystemNoiseProfile_2_348
-144            // LVAC_LVAC_NoiseSuppression_SystemNoiseProfile_2_349
-144            // LVAC_LVAC_NoiseSuppression_SystemNoiseProfile_2_350
-144            // LVAC_LVAC_NoiseSuppression_SystemNoiseProfile_2_351
-144            // LVAC_LVAC_NoiseSuppression_SystemNoiseProfile_2_352
-144            // LVAC_LVAC_NoiseSuppression_SystemNoiseProfile_2_353
-144            // LVAC_LVAC_NoiseSuppression_SystemNoiseProfile_2_354
-144            // LVAC_LVAC_NoiseSuppression_SystemNoiseProfile_2_355
-144            // LVAC_LVAC_NoiseSuppression_SystemNoiseProfile_2_356
-144            // LVAC_LVAC_NoiseSuppression_SystemNoiseProfile_2_357
-144            // LVAC_LVAC_NoiseSuppression_SystemNoiseProfile_2_358
-144            // LVAC_LVAC_NoiseSuppression_SystemNoiseProfile_2_359
-144            // LVAC_LVAC_NoiseSuppression_SystemNoiseProfile_2_360
-144            // LVAC_LVAC_NoiseSuppression_SystemNoiseProfile_2_361
-144            // LVAC_LVAC_NoiseSuppression_SystemNoiseProfile_2_362
-144            // LVAC_LVAC_NoiseSuppression_SystemNoiseProfile_2_363
-144            // LVAC_LVAC_NoiseSuppression_SystemNoiseProfile_2_364
-144            // LVAC_LVAC_NoiseSuppression_SystemNoiseProfile_2_365
-144            // LVAC_LVAC_NoiseSuppression_SystemNoiseProfile_2_366
-144            // LVAC_LVAC_NoiseSuppression_SystemNoiseProfile_2_367
-144            // LVAC_LVAC_NoiseSuppression_SystemNoiseProfile_2_368
-144            // LVAC_LVAC_NoiseSuppression_SystemNoiseProfile_2_369
-144            // LVAC_LVAC_NoiseSuppression_SystemNoiseProfile_2_370
-144            // LVAC_LVAC_NoiseSuppression_SystemNoiseProfile_2_371
-144            // LVAC_LVAC_NoiseSuppression_SystemNoiseProfile_2_372
-144            // LVAC_LVAC_NoiseSuppression_SystemNoiseProfile_2_373
-144            // LVAC_LVAC_NoiseSuppression_SystemNoiseProfile_2_374
-144            // LVAC_LVAC_NoiseSuppression_SystemNoiseProfile_2_375
-144            // LVAC_LVAC_NoiseSuppression_SystemNoiseProfile_2_376
-144            // LVAC_LVAC_NoiseSuppression_SystemNoiseProfile_2_377
-144            // LVAC_LVAC_NoiseSuppression_SystemNoiseProfile_2_378
-144            // LVAC_LVAC_NoiseSuppression_SystemNoiseProfile_2_379
-144            // LVAC_LVAC_NoiseSuppression_SystemNoiseProfile_2_380
-144            // LVAC_LVAC_NoiseSuppression_SystemNoiseProfile_2_381
-144            // LVAC_LVAC_NoiseSuppression_SystemNoiseProfile_2_382
-144            // LVAC_LVAC_NoiseSuppression_SystemNoiseProfile_2_383
-144            // LVAC_LVAC_NoiseSuppression_SystemNoiseProfile_2_384
-144            // LVAC_LVAC_NoiseSuppression_SystemNoiseProfile_2_385
-144            // LVAC_LVAC_NoiseSuppression_SystemNoiseProfile_2_386
-144            // LVAC_LVAC_NoiseSuppression_SystemNoiseProfile_2_387
-144            // LVAC_LVAC_NoiseSuppression_SystemNoiseProfile_2_388
-144            // LVAC_LVAC_NoiseSuppression_SystemNoiseProfile_2_389
-144            // LVAC_LVAC_NoiseSuppression_SystemNoiseProfile_2_390
-144            // LVAC_LVAC_NoiseSuppression_SystemNoiseProfile_2_391
-144            // LVAC_LVAC_NoiseSuppression_SystemNoiseProfile_2_392
-144            // LVAC_LVAC_NoiseSuppression_SystemNoiseProfile_2_393
-144            // LVAC_LVAC_NoiseSuppression_SystemNoiseProfile_2_394
-144            // LVAC_LVAC_NoiseSuppression_SystemNoiseProfile_2_395
-144            // LVAC_LVAC_NoiseSuppression_SystemNoiseProfile_2_396
-144            // LVAC_LVAC_NoiseSuppression_SystemNoiseProfile_2_397
-144            // LVAC_LVAC_NoiseSuppression_SystemNoiseProfile_2_398
-144            // LVAC_LVAC_NoiseSuppression_SystemNoiseProfile_2_399
-144            // LVAC_LVAC_NoiseSuppression_SystemNoiseProfile_2_400
-144            // LVAC_LVAC_NoiseSuppression_SystemNoiseProfile_2_401
-144            // LVAC_LVAC_NoiseSuppression_SystemNoiseProfile_2_402
-144            // LVAC_LVAC_NoiseSuppression_SystemNoiseProfile_2_403
-144            // LVAC_LVAC_NoiseSuppression_SystemNoiseProfile_2_404
-144            // LVAC_LVAC_NoiseSuppression_SystemNoiseProfile_2_405
-144            // LVAC_LVAC_NoiseSuppression_SystemNoiseProfile_2_406
-144            // LVAC_LVAC_NoiseSuppression_SystemNoiseProfile_2_407
-144            // LVAC_LVAC_NoiseSuppression_SystemNoiseProfile_2_408
-144            // LVAC_LVAC_NoiseSuppression_SystemNoiseProfile_2_409
-144            // LVAC_LVAC_NoiseSuppression_SystemNoiseProfile_2_410
-144            // LVAC_LVAC_NoiseSuppression_SystemNoiseProfile_2_411
-144            // LVAC_LVAC_NoiseSuppression_SystemNoiseProfile_2_412
-144            // LVAC_LVAC_NoiseSuppression_SystemNoiseProfile_2_413
-144            // LVAC_LVAC_NoiseSuppression_SystemNoiseProfile_2_414
-144            // LVAC_LVAC_NoiseSuppression_SystemNoiseProfile_2_415
-144            // LVAC_LVAC_NoiseSuppression_SystemNoiseProfile_2_416
-144            // LVAC_LVAC_NoiseSuppression_SystemNoiseProfile_2_417
-144            // LVAC_LVAC_NoiseSuppression_SystemNoiseProfile_2_418
-144            // LVAC_LVAC_NoiseSuppression_SystemNoiseProfile_2_419
-144            // LVAC_LVAC_NoiseSuppression_SystemNoiseProfile_2_420
-144            // LVAC_LVAC_NoiseSuppression_SystemNoiseProfile_2_421
-144            // LVAC_LVAC_NoiseSuppression_SystemNoiseProfile_2_422
-144            // LVAC_LVAC_NoiseSuppression_SystemNoiseProfile_2_423
-144            // LVAC_LVAC_NoiseSuppression_SystemNoiseProfile_2_424
-144            // LVAC_LVAC_NoiseSuppression_SystemNoiseProfile_2_425
-144            // LVAC_LVAC_NoiseSuppression_SystemNoiseProfile_2_426
-144            // LVAC_LVAC_NoiseSuppression_SystemNoiseProfile_2_427
-144            // LVAC_LVAC_NoiseSuppression_SystemNoiseProfile_2_428
-144            // LVAC_LVAC_NoiseSuppression_SystemNoiseProfile_2_429
-144            // LVAC_LVAC_NoiseSuppression_SystemNoiseProfile_2_430
-144            // LVAC_LVAC_NoiseSuppression_SystemNoiseProfile_2_431
-144            // LVAC_LVAC_NoiseSuppression_SystemNoiseProfile_2_432
-144            // LVAC_LVAC_NoiseSuppression_SystemNoiseProfile_2_433
-144            // LVAC_LVAC_NoiseSuppression_SystemNoiseProfile_2_434
-144            // LVAC_LVAC_NoiseSuppression_SystemNoiseProfile_2_435
-144            // LVAC_LVAC_NoiseSuppression_SystemNoiseProfile_2_436
-144            // LVAC_LVAC_NoiseSuppression_SystemNoiseProfile_2_437
-144            // LVAC_LVAC_NoiseSuppression_SystemNoiseProfile_2_438
-144            // LVAC_LVAC_NoiseSuppression_SystemNoiseProfile_2_439
-144            // LVAC_LVAC_NoiseSuppression_SystemNoiseProfile_2_440
-144            // LVAC_LVAC_NoiseSuppression_SystemNoiseProfile_2_441
-144            // LVAC_LVAC_NoiseSuppression_SystemNoiseProfile_2_442
-144            // LVAC_LVAC_NoiseSuppression_SystemNoiseProfile_2_443
-144            // LVAC_LVAC_NoiseSuppression_SystemNoiseProfile_2_444
-144            // LVAC_LVAC_NoiseSuppression_SystemNoiseProfile_2_445
-144            // LVAC_LVAC_NoiseSuppression_SystemNoiseProfile_2_446
-144            // LVAC_LVAC_NoiseSuppression_SystemNoiseProfile_2_447
-144            // LVAC_LVAC_NoiseSuppression_SystemNoiseProfile_2_448
-144            // LVAC_LVAC_NoiseSuppression_SystemNoiseProfile_2_449
-144            // LVAC_LVAC_NoiseSuppression_SystemNoiseProfile_2_450
-144            // LVAC_LVAC_NoiseSuppression_SystemNoiseProfile_2_451
-144            // LVAC_LVAC_NoiseSuppression_SystemNoiseProfile_2_452
-144            // LVAC_LVAC_NoiseSuppression_SystemNoiseProfile_2_453
-144            // LVAC_LVAC_NoiseSuppression_SystemNoiseProfile_2_454
-144            // LVAC_LVAC_NoiseSuppression_SystemNoiseProfile_2_455
-144            // LVAC_LVAC_NoiseSuppression_SystemNoiseProfile_2_456
-144            // LVAC_LVAC_NoiseSuppression_SystemNoiseProfile_2_457
-144            // LVAC_LVAC_NoiseSuppression_SystemNoiseProfile_2_458
-144            // LVAC_LVAC_NoiseSuppression_SystemNoiseProfile_2_459
-144            // LVAC_LVAC_NoiseSuppression_SystemNoiseProfile_2_460
-144            // LVAC_LVAC_NoiseSuppression_SystemNoiseProfile_2_461
-144            // LVAC_LVAC_NoiseSuppression_SystemNoiseProfile_2_462
-144            // LVAC_LVAC_NoiseSuppression_SystemNoiseProfile_2_463
-144            // LVAC_LVAC_NoiseSuppression_SystemNoiseProfile_2_464
-144            // LVAC_LVAC_NoiseSuppression_SystemNoiseProfile_2_465
-144            // LVAC_LVAC_NoiseSuppression_SystemNoiseProfile_2_466
-144            // LVAC_LVAC_NoiseSuppression_SystemNoiseProfile_2_467
-144            // LVAC_LVAC_NoiseSuppression_SystemNoiseProfile_2_468
-144            // LVAC_LVAC_NoiseSuppression_SystemNoiseProfile_2_469
-144            // LVAC_LVAC_NoiseSuppression_SystemNoiseProfile_2_470
-144            // LVAC_LVAC_NoiseSuppression_SystemNoiseProfile_2_471
-144            // LVAC_LVAC_NoiseSuppression_SystemNoiseProfile_2_472
-144            // LVAC_LVAC_NoiseSuppression_SystemNoiseProfile_2_473
-144            // LVAC_LVAC_NoiseSuppression_SystemNoiseProfile_2_474
-144            // LVAC_LVAC_NoiseSuppression_SystemNoiseProfile_2_475
-144            // LVAC_LVAC_NoiseSuppression_SystemNoiseProfile_2_476
-144            // LVAC_LVAC_NoiseSuppression_SystemNoiseProfile_2_477
-144            // LVAC_LVAC_NoiseSuppression_SystemNoiseProfile_2_478
-144            // LVAC_LVAC_NoiseSuppression_SystemNoiseProfile_2_479
-144            // LVAC_LVAC_NoiseSuppression_SystemNoiseProfile_2_480
-144            // LVAC_LVAC_NoiseSuppression_SystemNoiseProfile_2_481
-144            // LVAC_LVAC_NoiseSuppression_SystemNoiseProfile_2_482
-144            // LVAC_LVAC_NoiseSuppression_SystemNoiseProfile_2_483
-144            // LVAC_LVAC_NoiseSuppression_SystemNoiseProfile_2_484
-144            // LVAC_LVAC_NoiseSuppression_SystemNoiseProfile_2_485
-144            // LVAC_LVAC_NoiseSuppression_SystemNoiseProfile_2_486
-144            // LVAC_LVAC_NoiseSuppression_SystemNoiseProfile_2_487
-144            // LVAC_LVAC_NoiseSuppression_SystemNoiseProfile_2_488
-144            // LVAC_LVAC_NoiseSuppression_SystemNoiseProfile_2_489
-144            // LVAC_LVAC_NoiseSuppression_SystemNoiseProfile_2_490
-144            // LVAC_LVAC_NoiseSuppression_SystemNoiseProfile_2_491
-144            // LVAC_LVAC_NoiseSuppression_SystemNoiseProfile_2_492
-144            // LVAC_LVAC_NoiseSuppression_SystemNoiseProfile_2_493
-144            // LVAC_LVAC_NoiseSuppression_SystemNoiseProfile_2_494
-144            // LVAC_LVAC_NoiseSuppression_SystemNoiseProfile_2_495
-144            // LVAC_LVAC_NoiseSuppression_SystemNoiseProfile_2_496
-144            // LVAC_LVAC_NoiseSuppression_SystemNoiseProfile_2_497
-144            // LVAC_LVAC_NoiseSuppression_SystemNoiseProfile_2_498
-144            // LVAC_LVAC_NoiseSuppression_SystemNoiseProfile_2_499
-144            // LVAC_LVAC_NoiseSuppression_SystemNoiseProfile_2_500
-144            // LVAC_LVAC_NoiseSuppression_SystemNoiseProfile_2_501
-144            // LVAC_LVAC_NoiseSuppression_SystemNoiseProfile_2_502
-144            // LVAC_LVAC_NoiseSuppression_SystemNoiseProfile_2_503
-144            // LVAC_LVAC_NoiseSuppression_SystemNoiseProfile_2_504
-144            // LVAC_LVAC_NoiseSuppression_SystemNoiseProfile_2_505
-144            // LVAC_LVAC_NoiseSuppression_SystemNoiseProfile_2_506
-144            // LVAC_LVAC_NoiseSuppression_SystemNoiseProfile_2_507
-144            // LVAC_LVAC_NoiseSuppression_SystemNoiseProfile_2_508
-144            // LVAC_LVAC_NoiseSuppression_SystemNoiseProfile_2_509
-144            // LVAC_LVAC_NoiseSuppression_SystemNoiseProfile_2_510
-144            // LVAC_LVAC_NoiseSuppression_SystemNoiseProfile_2_511
-144            // LVAC_LVAC_NoiseSuppression_SystemNoiseProfile_2_512
-144            // LVAC_LVAC_NoiseSuppression_SystemNoiseProfile_3_0
-144            // LVAC_LVAC_NoiseSuppression_SystemNoiseProfile_3_1
-144            // LVAC_LVAC_NoiseSuppression_SystemNoiseProfile_3_2
-144            // LVAC_LVAC_NoiseSuppression_SystemNoiseProfile_3_3
-144            // LVAC_LVAC_NoiseSuppression_SystemNoiseProfile_3_4
-144            // LVAC_LVAC_NoiseSuppression_SystemNoiseProfile_3_5
-144            // LVAC_LVAC_NoiseSuppression_SystemNoiseProfile_3_6
-144            // LVAC_LVAC_NoiseSuppression_SystemNoiseProfile_3_7
-144            // LVAC_LVAC_NoiseSuppression_SystemNoiseProfile_3_8
-144            // LVAC_LVAC_NoiseSuppression_SystemNoiseProfile_3_9
-144            // LVAC_LVAC_NoiseSuppression_SystemNoiseProfile_3_10
-144            // LVAC_LVAC_NoiseSuppression_SystemNoiseProfile_3_11
-144            // LVAC_LVAC_NoiseSuppression_SystemNoiseProfile_3_12
-144            // LVAC_LVAC_NoiseSuppression_SystemNoiseProfile_3_13
-144            // LVAC_LVAC_NoiseSuppression_SystemNoiseProfile_3_14
-144            // LVAC_LVAC_NoiseSuppression_SystemNoiseProfile_3_15
-144            // LVAC_LVAC_NoiseSuppression_SystemNoiseProfile_3_16
-144            // LVAC_LVAC_NoiseSuppression_SystemNoiseProfile_3_17
-144            // LVAC_LVAC_NoiseSuppression_SystemNoiseProfile_3_18
-144            // LVAC_LVAC_NoiseSuppression_SystemNoiseProfile_3_19
-144            // LVAC_LVAC_NoiseSuppression_SystemNoiseProfile_3_20
-144            // LVAC_LVAC_NoiseSuppression_SystemNoiseProfile_3_21
-144            // LVAC_LVAC_NoiseSuppression_SystemNoiseProfile_3_22
-144            // LVAC_LVAC_NoiseSuppression_SystemNoiseProfile_3_23
-144            // LVAC_LVAC_NoiseSuppression_SystemNoiseProfile_3_24
-144            // LVAC_LVAC_NoiseSuppression_SystemNoiseProfile_3_25
-144            // LVAC_LVAC_NoiseSuppression_SystemNoiseProfile_3_26
-144            // LVAC_LVAC_NoiseSuppression_SystemNoiseProfile_3_27
-144            // LVAC_LVAC_NoiseSuppression_SystemNoiseProfile_3_28
-144            // LVAC_LVAC_NoiseSuppression_SystemNoiseProfile_3_29
-144            // LVAC_LVAC_NoiseSuppression_SystemNoiseProfile_3_30
-144            // LVAC_LVAC_NoiseSuppression_SystemNoiseProfile_3_31
-144            // LVAC_LVAC_NoiseSuppression_SystemNoiseProfile_3_32
-144            // LVAC_LVAC_NoiseSuppression_SystemNoiseProfile_3_33
-144            // LVAC_LVAC_NoiseSuppression_SystemNoiseProfile_3_34
-144            // LVAC_LVAC_NoiseSuppression_SystemNoiseProfile_3_35
-144            // LVAC_LVAC_NoiseSuppression_SystemNoiseProfile_3_36
-144            // LVAC_LVAC_NoiseSuppression_SystemNoiseProfile_3_37
-144            // LVAC_LVAC_NoiseSuppression_SystemNoiseProfile_3_38
-144            // LVAC_LVAC_NoiseSuppression_SystemNoiseProfile_3_39
-144            // LVAC_LVAC_NoiseSuppression_SystemNoiseProfile_3_40
-144            // LVAC_LVAC_NoiseSuppression_SystemNoiseProfile_3_41
-144            // LVAC_LVAC_NoiseSuppression_SystemNoiseProfile_3_42
-144            // LVAC_LVAC_NoiseSuppression_SystemNoiseProfile_3_43
-144            // LVAC_LVAC_NoiseSuppression_SystemNoiseProfile_3_44
-144            // LVAC_LVAC_NoiseSuppression_SystemNoiseProfile_3_45
-144            // LVAC_LVAC_NoiseSuppression_SystemNoiseProfile_3_46
-144            // LVAC_LVAC_NoiseSuppression_SystemNoiseProfile_3_47
-144            // LVAC_LVAC_NoiseSuppression_SystemNoiseProfile_3_48
-144            // LVAC_LVAC_NoiseSuppression_SystemNoiseProfile_3_49
-144            // LVAC_LVAC_NoiseSuppression_SystemNoiseProfile_3_50
-144            // LVAC_LVAC_NoiseSuppression_SystemNoiseProfile_3_51
-144            // LVAC_LVAC_NoiseSuppression_SystemNoiseProfile_3_52
-144            // LVAC_LVAC_NoiseSuppression_SystemNoiseProfile_3_53
-144            // LVAC_LVAC_NoiseSuppression_SystemNoiseProfile_3_54
-144            // LVAC_LVAC_NoiseSuppression_SystemNoiseProfile_3_55
-144            // LVAC_LVAC_NoiseSuppression_SystemNoiseProfile_3_56
-144            // LVAC_LVAC_NoiseSuppression_SystemNoiseProfile_3_57
-144            // LVAC_LVAC_NoiseSuppression_SystemNoiseProfile_3_58
-144            // LVAC_LVAC_NoiseSuppression_SystemNoiseProfile_3_59
-144            // LVAC_LVAC_NoiseSuppression_SystemNoiseProfile_3_60
-144            // LVAC_LVAC_NoiseSuppression_SystemNoiseProfile_3_61
-144            // LVAC_LVAC_NoiseSuppression_SystemNoiseProfile_3_62
-144            // LVAC_LVAC_NoiseSuppression_SystemNoiseProfile_3_63
-144            // LVAC_LVAC_NoiseSuppression_SystemNoiseProfile_3_64
-144            // LVAC_LVAC_NoiseSuppression_SystemNoiseProfile_3_65
-144            // LVAC_LVAC_NoiseSuppression_SystemNoiseProfile_3_66
-144            // LVAC_LVAC_NoiseSuppression_SystemNoiseProfile_3_67
-144            // LVAC_LVAC_NoiseSuppression_SystemNoiseProfile_3_68
-144            // LVAC_LVAC_NoiseSuppression_SystemNoiseProfile_3_69
-144            // LVAC_LVAC_NoiseSuppression_SystemNoiseProfile_3_70
-144            // LVAC_LVAC_NoiseSuppression_SystemNoiseProfile_3_71
-144            // LVAC_LVAC_NoiseSuppression_SystemNoiseProfile_3_72
-144            // LVAC_LVAC_NoiseSuppression_SystemNoiseProfile_3_73
-144            // LVAC_LVAC_NoiseSuppression_SystemNoiseProfile_3_74
-144            // LVAC_LVAC_NoiseSuppression_SystemNoiseProfile_3_75
-144            // LVAC_LVAC_NoiseSuppression_SystemNoiseProfile_3_76
-144            // LVAC_LVAC_NoiseSuppression_SystemNoiseProfile_3_77
-144            // LVAC_LVAC_NoiseSuppression_SystemNoiseProfile_3_78
-144            // LVAC_LVAC_NoiseSuppression_SystemNoiseProfile_3_79
-144            // LVAC_LVAC_NoiseSuppression_SystemNoiseProfile_3_80
-144            // LVAC_LVAC_NoiseSuppression_SystemNoiseProfile_3_81
-144            // LVAC_LVAC_NoiseSuppression_SystemNoiseProfile_3_82
-144            // LVAC_LVAC_NoiseSuppression_SystemNoiseProfile_3_83
-144            // LVAC_LVAC_NoiseSuppression_SystemNoiseProfile_3_84
-144            // LVAC_LVAC_NoiseSuppression_SystemNoiseProfile_3_85
-144            // LVAC_LVAC_NoiseSuppression_SystemNoiseProfile_3_86
-144            // LVAC_LVAC_NoiseSuppression_SystemNoiseProfile_3_87
-144            // LVAC_LVAC_NoiseSuppression_SystemNoiseProfile_3_88
-144            // LVAC_LVAC_NoiseSuppression_SystemNoiseProfile_3_89
-144            // LVAC_LVAC_NoiseSuppression_SystemNoiseProfile_3_90
-144            // LVAC_LVAC_NoiseSuppression_SystemNoiseProfile_3_91
-144            // LVAC_LVAC_NoiseSuppression_SystemNoiseProfile_3_92
-144            // LVAC_LVAC_NoiseSuppression_SystemNoiseProfile_3_93
-144            // LVAC_LVAC_NoiseSuppression_SystemNoiseProfile_3_94
-144            // LVAC_LVAC_NoiseSuppression_SystemNoiseProfile_3_95
-144            // LVAC_LVAC_NoiseSuppression_SystemNoiseProfile_3_96
-144            // LVAC_LVAC_NoiseSuppression_SystemNoiseProfile_3_97
-144            // LVAC_LVAC_NoiseSuppression_SystemNoiseProfile_3_98
-144            // LVAC_LVAC_NoiseSuppression_SystemNoiseProfile_3_99
-144            // LVAC_LVAC_NoiseSuppression_SystemNoiseProfile_3_100
-144            // LVAC_LVAC_NoiseSuppression_SystemNoiseProfile_3_101
-144            // LVAC_LVAC_NoiseSuppression_SystemNoiseProfile_3_102
-144            // LVAC_LVAC_NoiseSuppression_SystemNoiseProfile_3_103
-144            // LVAC_LVAC_NoiseSuppression_SystemNoiseProfile_3_104
-144            // LVAC_LVAC_NoiseSuppression_SystemNoiseProfile_3_105
-144            // LVAC_LVAC_NoiseSuppression_SystemNoiseProfile_3_106
-144            // LVAC_LVAC_NoiseSuppression_SystemNoiseProfile_3_107
-144            // LVAC_LVAC_NoiseSuppression_SystemNoiseProfile_3_108
-144            // LVAC_LVAC_NoiseSuppression_SystemNoiseProfile_3_109
-144            // LVAC_LVAC_NoiseSuppression_SystemNoiseProfile_3_110
-144            // LVAC_LVAC_NoiseSuppression_SystemNoiseProfile_3_111
-144            // LVAC_LVAC_NoiseSuppression_SystemNoiseProfile_3_112
-144            // LVAC_LVAC_NoiseSuppression_SystemNoiseProfile_3_113
-144            // LVAC_LVAC_NoiseSuppression_SystemNoiseProfile_3_114
-144            // LVAC_LVAC_NoiseSuppression_SystemNoiseProfile_3_115
-144            // LVAC_LVAC_NoiseSuppression_SystemNoiseProfile_3_116
-144            // LVAC_LVAC_NoiseSuppression_SystemNoiseProfile_3_117
-144            // LVAC_LVAC_NoiseSuppression_SystemNoiseProfile_3_118
-144            // LVAC_LVAC_NoiseSuppression_SystemNoiseProfile_3_119
-144            // LVAC_LVAC_NoiseSuppression_SystemNoiseProfile_3_120
-144            // LVAC_LVAC_NoiseSuppression_SystemNoiseProfile_3_121
-144            // LVAC_LVAC_NoiseSuppression_SystemNoiseProfile_3_122
-144            // LVAC_LVAC_NoiseSuppression_SystemNoiseProfile_3_123
-144            // LVAC_LVAC_NoiseSuppression_SystemNoiseProfile_3_124
-144            // LVAC_LVAC_NoiseSuppression_SystemNoiseProfile_3_125
-144            // LVAC_LVAC_NoiseSuppression_SystemNoiseProfile_3_126
-144            // LVAC_LVAC_NoiseSuppression_SystemNoiseProfile_3_127
-144            // LVAC_LVAC_NoiseSuppression_SystemNoiseProfile_3_128
-144            // LVAC_LVAC_NoiseSuppression_SystemNoiseProfile_3_129
-144            // LVAC_LVAC_NoiseSuppression_SystemNoiseProfile_3_130
-144            // LVAC_LVAC_NoiseSuppression_SystemNoiseProfile_3_131
-144            // LVAC_LVAC_NoiseSuppression_SystemNoiseProfile_3_132
-144            // LVAC_LVAC_NoiseSuppression_SystemNoiseProfile_3_133
-144            // LVAC_LVAC_NoiseSuppression_SystemNoiseProfile_3_134
-144            // LVAC_LVAC_NoiseSuppression_SystemNoiseProfile_3_135
-144            // LVAC_LVAC_NoiseSuppression_SystemNoiseProfile_3_136
-144            // LVAC_LVAC_NoiseSuppression_SystemNoiseProfile_3_137
-144            // LVAC_LVAC_NoiseSuppression_SystemNoiseProfile_3_138
-144            // LVAC_LVAC_NoiseSuppression_SystemNoiseProfile_3_139
-144            // LVAC_LVAC_NoiseSuppression_SystemNoiseProfile_3_140
-144            // LVAC_LVAC_NoiseSuppression_SystemNoiseProfile_3_141
-144            // LVAC_LVAC_NoiseSuppression_SystemNoiseProfile_3_142
-144            // LVAC_LVAC_NoiseSuppression_SystemNoiseProfile_3_143
-144            // LVAC_LVAC_NoiseSuppression_SystemNoiseProfile_3_144
-144            // LVAC_LVAC_NoiseSuppression_SystemNoiseProfile_3_145
-144            // LVAC_LVAC_NoiseSuppression_SystemNoiseProfile_3_146
-144            // LVAC_LVAC_NoiseSuppression_SystemNoiseProfile_3_147
-144            // LVAC_LVAC_NoiseSuppression_SystemNoiseProfile_3_148
-144            // LVAC_LVAC_NoiseSuppression_SystemNoiseProfile_3_149
-144            // LVAC_LVAC_NoiseSuppression_SystemNoiseProfile_3_150
-144            // LVAC_LVAC_NoiseSuppression_SystemNoiseProfile_3_151
-144            // LVAC_LVAC_NoiseSuppression_SystemNoiseProfile_3_152
-144            // LVAC_LVAC_NoiseSuppression_SystemNoiseProfile_3_153
-144            // LVAC_LVAC_NoiseSuppression_SystemNoiseProfile_3_154
-144            // LVAC_LVAC_NoiseSuppression_SystemNoiseProfile_3_155
-144            // LVAC_LVAC_NoiseSuppression_SystemNoiseProfile_3_156
-144            // LVAC_LVAC_NoiseSuppression_SystemNoiseProfile_3_157
-144            // LVAC_LVAC_NoiseSuppression_SystemNoiseProfile_3_158
-144            // LVAC_LVAC_NoiseSuppression_SystemNoiseProfile_3_159
-144            // LVAC_LVAC_NoiseSuppression_SystemNoiseProfile_3_160
-144            // LVAC_LVAC_NoiseSuppression_SystemNoiseProfile_3_161
-144            // LVAC_LVAC_NoiseSuppression_SystemNoiseProfile_3_162
-144            // LVAC_LVAC_NoiseSuppression_SystemNoiseProfile_3_163
-144            // LVAC_LVAC_NoiseSuppression_SystemNoiseProfile_3_164
-144            // LVAC_LVAC_NoiseSuppression_SystemNoiseProfile_3_165
-144            // LVAC_LVAC_NoiseSuppression_SystemNoiseProfile_3_166
-144            // LVAC_LVAC_NoiseSuppression_SystemNoiseProfile_3_167
-144            // LVAC_LVAC_NoiseSuppression_SystemNoiseProfile_3_168
-144            // LVAC_LVAC_NoiseSuppression_SystemNoiseProfile_3_169
-144            // LVAC_LVAC_NoiseSuppression_SystemNoiseProfile_3_170
-144            // LVAC_LVAC_NoiseSuppression_SystemNoiseProfile_3_171
-144            // LVAC_LVAC_NoiseSuppression_SystemNoiseProfile_3_172
-144            // LVAC_LVAC_NoiseSuppression_SystemNoiseProfile_3_173
-144            // LVAC_LVAC_NoiseSuppression_SystemNoiseProfile_3_174
-144            // LVAC_LVAC_NoiseSuppression_SystemNoiseProfile_3_175
-144            // LVAC_LVAC_NoiseSuppression_SystemNoiseProfile_3_176
-144            // LVAC_LVAC_NoiseSuppression_SystemNoiseProfile_3_177
-144            // LVAC_LVAC_NoiseSuppression_SystemNoiseProfile_3_178
-144            // LVAC_LVAC_NoiseSuppression_SystemNoiseProfile_3_179
-144            // LVAC_LVAC_NoiseSuppression_SystemNoiseProfile_3_180
-144            // LVAC_LVAC_NoiseSuppression_SystemNoiseProfile_3_181
-144            // LVAC_LVAC_NoiseSuppression_SystemNoiseProfile_3_182
-144            // LVAC_LVAC_NoiseSuppression_SystemNoiseProfile_3_183
-144            // LVAC_LVAC_NoiseSuppression_SystemNoiseProfile_3_184
-144            // LVAC_LVAC_NoiseSuppression_SystemNoiseProfile_3_185
-144            // LVAC_LVAC_NoiseSuppression_SystemNoiseProfile_3_186
-144            // LVAC_LVAC_NoiseSuppression_SystemNoiseProfile_3_187
-144            // LVAC_LVAC_NoiseSuppression_SystemNoiseProfile_3_188
-144            // LVAC_LVAC_NoiseSuppression_SystemNoiseProfile_3_189
-144            // LVAC_LVAC_NoiseSuppression_SystemNoiseProfile_3_190
-144            // LVAC_LVAC_NoiseSuppression_SystemNoiseProfile_3_191
-144            // LVAC_LVAC_NoiseSuppression_SystemNoiseProfile_3_192
-144            // LVAC_LVAC_NoiseSuppression_SystemNoiseProfile_3_193
-144            // LVAC_LVAC_NoiseSuppression_SystemNoiseProfile_3_194
-144            // LVAC_LVAC_NoiseSuppression_SystemNoiseProfile_3_195
-144            // LVAC_LVAC_NoiseSuppression_SystemNoiseProfile_3_196
-144            // LVAC_LVAC_NoiseSuppression_SystemNoiseProfile_3_197
-144            // LVAC_LVAC_NoiseSuppression_SystemNoiseProfile_3_198
-144            // LVAC_LVAC_NoiseSuppression_SystemNoiseProfile_3_199
-144            // LVAC_LVAC_NoiseSuppression_SystemNoiseProfile_3_200
-144            // LVAC_LVAC_NoiseSuppression_SystemNoiseProfile_3_201
-144            // LVAC_LVAC_NoiseSuppression_SystemNoiseProfile_3_202
-144            // LVAC_LVAC_NoiseSuppression_SystemNoiseProfile_3_203
-144            // LVAC_LVAC_NoiseSuppression_SystemNoiseProfile_3_204
-144            // LVAC_LVAC_NoiseSuppression_SystemNoiseProfile_3_205
-144            // LVAC_LVAC_NoiseSuppression_SystemNoiseProfile_3_206
-144            // LVAC_LVAC_NoiseSuppression_SystemNoiseProfile_3_207
-144            // LVAC_LVAC_NoiseSuppression_SystemNoiseProfile_3_208
-144            // LVAC_LVAC_NoiseSuppression_SystemNoiseProfile_3_209
-144            // LVAC_LVAC_NoiseSuppression_SystemNoiseProfile_3_210
-144            // LVAC_LVAC_NoiseSuppression_SystemNoiseProfile_3_211
-144            // LVAC_LVAC_NoiseSuppression_SystemNoiseProfile_3_212
-144            // LVAC_LVAC_NoiseSuppression_SystemNoiseProfile_3_213
-144            // LVAC_LVAC_NoiseSuppression_SystemNoiseProfile_3_214
-144            // LVAC_LVAC_NoiseSuppression_SystemNoiseProfile_3_215
-144            // LVAC_LVAC_NoiseSuppression_SystemNoiseProfile_3_216
-144            // LVAC_LVAC_NoiseSuppression_SystemNoiseProfile_3_217
-144            // LVAC_LVAC_NoiseSuppression_SystemNoiseProfile_3_218
-144            // LVAC_LVAC_NoiseSuppression_SystemNoiseProfile_3_219
-144            // LVAC_LVAC_NoiseSuppression_SystemNoiseProfile_3_220
-144            // LVAC_LVAC_NoiseSuppression_SystemNoiseProfile_3_221
-144            // LVAC_LVAC_NoiseSuppression_SystemNoiseProfile_3_222
-144            // LVAC_LVAC_NoiseSuppression_SystemNoiseProfile_3_223
-144            // LVAC_LVAC_NoiseSuppression_SystemNoiseProfile_3_224
-144            // LVAC_LVAC_NoiseSuppression_SystemNoiseProfile_3_225
-144            // LVAC_LVAC_NoiseSuppression_SystemNoiseProfile_3_226
-144            // LVAC_LVAC_NoiseSuppression_SystemNoiseProfile_3_227
-144            // LVAC_LVAC_NoiseSuppression_SystemNoiseProfile_3_228
-144            // LVAC_LVAC_NoiseSuppression_SystemNoiseProfile_3_229
-144            // LVAC_LVAC_NoiseSuppression_SystemNoiseProfile_3_230
-144            // LVAC_LVAC_NoiseSuppression_SystemNoiseProfile_3_231
-144            // LVAC_LVAC_NoiseSuppression_SystemNoiseProfile_3_232
-144            // LVAC_LVAC_NoiseSuppression_SystemNoiseProfile_3_233
-144            // LVAC_LVAC_NoiseSuppression_SystemNoiseProfile_3_234
-144            // LVAC_LVAC_NoiseSuppression_SystemNoiseProfile_3_235
-144            // LVAC_LVAC_NoiseSuppression_SystemNoiseProfile_3_236
-144            // LVAC_LVAC_NoiseSuppression_SystemNoiseProfile_3_237
-144            // LVAC_LVAC_NoiseSuppression_SystemNoiseProfile_3_238
-144            // LVAC_LVAC_NoiseSuppression_SystemNoiseProfile_3_239
-144            // LVAC_LVAC_NoiseSuppression_SystemNoiseProfile_3_240
-144            // LVAC_LVAC_NoiseSuppression_SystemNoiseProfile_3_241
-144            // LVAC_LVAC_NoiseSuppression_SystemNoiseProfile_3_242
-144            // LVAC_LVAC_NoiseSuppression_SystemNoiseProfile_3_243
-144            // LVAC_LVAC_NoiseSuppression_SystemNoiseProfile_3_244
-144            // LVAC_LVAC_NoiseSuppression_SystemNoiseProfile_3_245
-144            // LVAC_LVAC_NoiseSuppression_SystemNoiseProfile_3_246
-144            // LVAC_LVAC_NoiseSuppression_SystemNoiseProfile_3_247
-144            // LVAC_LVAC_NoiseSuppression_SystemNoiseProfile_3_248
-144            // LVAC_LVAC_NoiseSuppression_SystemNoiseProfile_3_249
-144            // LVAC_LVAC_NoiseSuppression_SystemNoiseProfile_3_250
-144            // LVAC_LVAC_NoiseSuppression_SystemNoiseProfile_3_251
-144            // LVAC_LVAC_NoiseSuppression_SystemNoiseProfile_3_252
-144            // LVAC_LVAC_NoiseSuppression_SystemNoiseProfile_3_253
-144            // LVAC_LVAC_NoiseSuppression_SystemNoiseProfile_3_254
-144            // LVAC_LVAC_NoiseSuppression_SystemNoiseProfile_3_255
-144            // LVAC_LVAC_NoiseSuppression_SystemNoiseProfile_3_256
-144            // LVAC_LVAC_NoiseSuppression_SystemNoiseProfile_3_257
-144            // LVAC_LVAC_NoiseSuppression_SystemNoiseProfile_3_258
-144            // LVAC_LVAC_NoiseSuppression_SystemNoiseProfile_3_259
-144            // LVAC_LVAC_NoiseSuppression_SystemNoiseProfile_3_260
-144            // LVAC_LVAC_NoiseSuppression_SystemNoiseProfile_3_261
-144            // LVAC_LVAC_NoiseSuppression_SystemNoiseProfile_3_262
-144            // LVAC_LVAC_NoiseSuppression_SystemNoiseProfile_3_263
-144            // LVAC_LVAC_NoiseSuppression_SystemNoiseProfile_3_264
-144            // LVAC_LVAC_NoiseSuppression_SystemNoiseProfile_3_265
-144            // LVAC_LVAC_NoiseSuppression_SystemNoiseProfile_3_266
-144            // LVAC_LVAC_NoiseSuppression_SystemNoiseProfile_3_267
-144            // LVAC_LVAC_NoiseSuppression_SystemNoiseProfile_3_268
-144            // LVAC_LVAC_NoiseSuppression_SystemNoiseProfile_3_269
-144            // LVAC_LVAC_NoiseSuppression_SystemNoiseProfile_3_270
-144            // LVAC_LVAC_NoiseSuppression_SystemNoiseProfile_3_271
-144            // LVAC_LVAC_NoiseSuppression_SystemNoiseProfile_3_272
-144            // LVAC_LVAC_NoiseSuppression_SystemNoiseProfile_3_273
-144            // LVAC_LVAC_NoiseSuppression_SystemNoiseProfile_3_274
-144            // LVAC_LVAC_NoiseSuppression_SystemNoiseProfile_3_275
-144            // LVAC_LVAC_NoiseSuppression_SystemNoiseProfile_3_276
-144            // LVAC_LVAC_NoiseSuppression_SystemNoiseProfile_3_277
-144            // LVAC_LVAC_NoiseSuppression_SystemNoiseProfile_3_278
-144            // LVAC_LVAC_NoiseSuppression_SystemNoiseProfile_3_279
-144            // LVAC_LVAC_NoiseSuppression_SystemNoiseProfile_3_280
-144            // LVAC_LVAC_NoiseSuppression_SystemNoiseProfile_3_281
-144            // LVAC_LVAC_NoiseSuppression_SystemNoiseProfile_3_282
-144            // LVAC_LVAC_NoiseSuppression_SystemNoiseProfile_3_283
-144            // LVAC_LVAC_NoiseSuppression_SystemNoiseProfile_3_284
-144            // LVAC_LVAC_NoiseSuppression_SystemNoiseProfile_3_285
-144            // LVAC_LVAC_NoiseSuppression_SystemNoiseProfile_3_286
-144            // LVAC_LVAC_NoiseSuppression_SystemNoiseProfile_3_287
-144            // LVAC_LVAC_NoiseSuppression_SystemNoiseProfile_3_288
-144            // LVAC_LVAC_NoiseSuppression_SystemNoiseProfile_3_289
-144            // LVAC_LVAC_NoiseSuppression_SystemNoiseProfile_3_290
-144            // LVAC_LVAC_NoiseSuppression_SystemNoiseProfile_3_291
-144            // LVAC_LVAC_NoiseSuppression_SystemNoiseProfile_3_292
-144            // LVAC_LVAC_NoiseSuppression_SystemNoiseProfile_3_293
-144            // LVAC_LVAC_NoiseSuppression_SystemNoiseProfile_3_294
-144            // LVAC_LVAC_NoiseSuppression_SystemNoiseProfile_3_295
-144            // LVAC_LVAC_NoiseSuppression_SystemNoiseProfile_3_296
-144            // LVAC_LVAC_NoiseSuppression_SystemNoiseProfile_3_297
-144            // LVAC_LVAC_NoiseSuppression_SystemNoiseProfile_3_298
-144            // LVAC_LVAC_NoiseSuppression_SystemNoiseProfile_3_299
-144            // LVAC_LVAC_NoiseSuppression_SystemNoiseProfile_3_300
-144            // LVAC_LVAC_NoiseSuppression_SystemNoiseProfile_3_301
-144            // LVAC_LVAC_NoiseSuppression_SystemNoiseProfile_3_302
-144            // LVAC_LVAC_NoiseSuppression_SystemNoiseProfile_3_303
-144            // LVAC_LVAC_NoiseSuppression_SystemNoiseProfile_3_304
-144            // LVAC_LVAC_NoiseSuppression_SystemNoiseProfile_3_305
-144            // LVAC_LVAC_NoiseSuppression_SystemNoiseProfile_3_306
-144            // LVAC_LVAC_NoiseSuppression_SystemNoiseProfile_3_307
-144            // LVAC_LVAC_NoiseSuppression_SystemNoiseProfile_3_308
-144            // LVAC_LVAC_NoiseSuppression_SystemNoiseProfile_3_309
-144            // LVAC_LVAC_NoiseSuppression_SystemNoiseProfile_3_310
-144            // LVAC_LVAC_NoiseSuppression_SystemNoiseProfile_3_311
-144            // LVAC_LVAC_NoiseSuppression_SystemNoiseProfile_3_312
-144            // LVAC_LVAC_NoiseSuppression_SystemNoiseProfile_3_313
-144            // LVAC_LVAC_NoiseSuppression_SystemNoiseProfile_3_314
-144            // LVAC_LVAC_NoiseSuppression_SystemNoiseProfile_3_315
-144            // LVAC_LVAC_NoiseSuppression_SystemNoiseProfile_3_316
-144            // LVAC_LVAC_NoiseSuppression_SystemNoiseProfile_3_317
-144            // LVAC_LVAC_NoiseSuppression_SystemNoiseProfile_3_318
-144            // LVAC_LVAC_NoiseSuppression_SystemNoiseProfile_3_319
-144            // LVAC_LVAC_NoiseSuppression_SystemNoiseProfile_3_320
-144            // LVAC_LVAC_NoiseSuppression_SystemNoiseProfile_3_321
-144            // LVAC_LVAC_NoiseSuppression_SystemNoiseProfile_3_322
-144            // LVAC_LVAC_NoiseSuppression_SystemNoiseProfile_3_323
-144            // LVAC_LVAC_NoiseSuppression_SystemNoiseProfile_3_324
-144            // LVAC_LVAC_NoiseSuppression_SystemNoiseProfile_3_325
-144            // LVAC_LVAC_NoiseSuppression_SystemNoiseProfile_3_326
-144            // LVAC_LVAC_NoiseSuppression_SystemNoiseProfile_3_327
-144            // LVAC_LVAC_NoiseSuppression_SystemNoiseProfile_3_328
-144            // LVAC_LVAC_NoiseSuppression_SystemNoiseProfile_3_329
-144            // LVAC_LVAC_NoiseSuppression_SystemNoiseProfile_3_330
-144            // LVAC_LVAC_NoiseSuppression_SystemNoiseProfile_3_331
-144            // LVAC_LVAC_NoiseSuppression_SystemNoiseProfile_3_332
-144            // LVAC_LVAC_NoiseSuppression_SystemNoiseProfile_3_333
-144            // LVAC_LVAC_NoiseSuppression_SystemNoiseProfile_3_334
-144            // LVAC_LVAC_NoiseSuppression_SystemNoiseProfile_3_335
-144            // LVAC_LVAC_NoiseSuppression_SystemNoiseProfile_3_336
-144            // LVAC_LVAC_NoiseSuppression_SystemNoiseProfile_3_337
-144            // LVAC_LVAC_NoiseSuppression_SystemNoiseProfile_3_338
-144            // LVAC_LVAC_NoiseSuppression_SystemNoiseProfile_3_339
-144            // LVAC_LVAC_NoiseSuppression_SystemNoiseProfile_3_340
-144            // LVAC_LVAC_NoiseSuppression_SystemNoiseProfile_3_341
-144            // LVAC_LVAC_NoiseSuppression_SystemNoiseProfile_3_342
-144            // LVAC_LVAC_NoiseSuppression_SystemNoiseProfile_3_343
-144            // LVAC_LVAC_NoiseSuppression_SystemNoiseProfile_3_344
-144            // LVAC_LVAC_NoiseSuppression_SystemNoiseProfile_3_345
-144            // LVAC_LVAC_NoiseSuppression_SystemNoiseProfile_3_346
-144            // LVAC_LVAC_NoiseSuppression_SystemNoiseProfile_3_347
-144            // LVAC_LVAC_NoiseSuppression_SystemNoiseProfile_3_348
-144            // LVAC_LVAC_NoiseSuppression_SystemNoiseProfile_3_349
-144            // LVAC_LVAC_NoiseSuppression_SystemNoiseProfile_3_350
-144            // LVAC_LVAC_NoiseSuppression_SystemNoiseProfile_3_351
-144            // LVAC_LVAC_NoiseSuppression_SystemNoiseProfile_3_352
-144            // LVAC_LVAC_NoiseSuppression_SystemNoiseProfile_3_353
-144            // LVAC_LVAC_NoiseSuppression_SystemNoiseProfile_3_354
-144            // LVAC_LVAC_NoiseSuppression_SystemNoiseProfile_3_355
-144            // LVAC_LVAC_NoiseSuppression_SystemNoiseProfile_3_356
-144            // LVAC_LVAC_NoiseSuppression_SystemNoiseProfile_3_357
-144            // LVAC_LVAC_NoiseSuppression_SystemNoiseProfile_3_358
-144            // LVAC_LVAC_NoiseSuppression_SystemNoiseProfile_3_359
-144            // LVAC_LVAC_NoiseSuppression_SystemNoiseProfile_3_360
-144            // LVAC_LVAC_NoiseSuppression_SystemNoiseProfile_3_361
-144            // LVAC_LVAC_NoiseSuppression_SystemNoiseProfile_3_362
-144            // LVAC_LVAC_NoiseSuppression_SystemNoiseProfile_3_363
-144            // LVAC_LVAC_NoiseSuppression_SystemNoiseProfile_3_364
-144            // LVAC_LVAC_NoiseSuppression_SystemNoiseProfile_3_365
-144            // LVAC_LVAC_NoiseSuppression_SystemNoiseProfile_3_366
-144            // LVAC_LVAC_NoiseSuppression_SystemNoiseProfile_3_367
-144            // LVAC_LVAC_NoiseSuppression_SystemNoiseProfile_3_368
-144            // LVAC_LVAC_NoiseSuppression_SystemNoiseProfile_3_369
-144            // LVAC_LVAC_NoiseSuppression_SystemNoiseProfile_3_370
-144            // LVAC_LVAC_NoiseSuppression_SystemNoiseProfile_3_371
-144            // LVAC_LVAC_NoiseSuppression_SystemNoiseProfile_3_372
-144            // LVAC_LVAC_NoiseSuppression_SystemNoiseProfile_3_373
-144            // LVAC_LVAC_NoiseSuppression_SystemNoiseProfile_3_374
-144            // LVAC_LVAC_NoiseSuppression_SystemNoiseProfile_3_375
-144            // LVAC_LVAC_NoiseSuppression_SystemNoiseProfile_3_376
-144            // LVAC_LVAC_NoiseSuppression_SystemNoiseProfile_3_377
-144            // LVAC_LVAC_NoiseSuppression_SystemNoiseProfile_3_378
-144            // LVAC_LVAC_NoiseSuppression_SystemNoiseProfile_3_379
-144            // LVAC_LVAC_NoiseSuppression_SystemNoiseProfile_3_380
-144            // LVAC_LVAC_NoiseSuppression_SystemNoiseProfile_3_381
-144            // LVAC_LVAC_NoiseSuppression_SystemNoiseProfile_3_382
-144            // LVAC_LVAC_NoiseSuppression_SystemNoiseProfile_3_383
-144            // LVAC_LVAC_NoiseSuppression_SystemNoiseProfile_3_384
-144            // LVAC_LVAC_NoiseSuppression_SystemNoiseProfile_3_385
-144            // LVAC_LVAC_NoiseSuppression_SystemNoiseProfile_3_386
-144            // LVAC_LVAC_NoiseSuppression_SystemNoiseProfile_3_387
-144            // LVAC_LVAC_NoiseSuppression_SystemNoiseProfile_3_388
-144            // LVAC_LVAC_NoiseSuppression_SystemNoiseProfile_3_389
-144            // LVAC_LVAC_NoiseSuppression_SystemNoiseProfile_3_390
-144            // LVAC_LVAC_NoiseSuppression_SystemNoiseProfile_3_391
-144            // LVAC_LVAC_NoiseSuppression_SystemNoiseProfile_3_392
-144            // LVAC_LVAC_NoiseSuppression_SystemNoiseProfile_3_393
-144            // LVAC_LVAC_NoiseSuppression_SystemNoiseProfile_3_394
-144            // LVAC_LVAC_NoiseSuppression_SystemNoiseProfile_3_395
-144            // LVAC_LVAC_NoiseSuppression_SystemNoiseProfile_3_396
-144            // LVAC_LVAC_NoiseSuppression_SystemNoiseProfile_3_397
-144            // LVAC_LVAC_NoiseSuppression_SystemNoiseProfile_3_398
-144            // LVAC_LVAC_NoiseSuppression_SystemNoiseProfile_3_399
-144            // LVAC_LVAC_NoiseSuppression_SystemNoiseProfile_3_400
-144            // LVAC_LVAC_NoiseSuppression_SystemNoiseProfile_3_401
-144            // LVAC_LVAC_NoiseSuppression_SystemNoiseProfile_3_402
-144            // LVAC_LVAC_NoiseSuppression_SystemNoiseProfile_3_403
-144            // LVAC_LVAC_NoiseSuppression_SystemNoiseProfile_3_404
-144            // LVAC_LVAC_NoiseSuppression_SystemNoiseProfile_3_405
-144            // LVAC_LVAC_NoiseSuppression_SystemNoiseProfile_3_406
-144            // LVAC_LVAC_NoiseSuppression_SystemNoiseProfile_3_407
-144            // LVAC_LVAC_NoiseSuppression_SystemNoiseProfile_3_408
-144            // LVAC_LVAC_NoiseSuppression_SystemNoiseProfile_3_409
-144            // LVAC_LVAC_NoiseSuppression_SystemNoiseProfile_3_410
-144            // LVAC_LVAC_NoiseSuppression_SystemNoiseProfile_3_411
-144            // LVAC_LVAC_NoiseSuppression_SystemNoiseProfile_3_412
-144            // LVAC_LVAC_NoiseSuppression_SystemNoiseProfile_3_413
-144            // LVAC_LVAC_NoiseSuppression_SystemNoiseProfile_3_414
-144            // LVAC_LVAC_NoiseSuppression_SystemNoiseProfile_3_415
-144            // LVAC_LVAC_NoiseSuppression_SystemNoiseProfile_3_416
-144            // LVAC_LVAC_NoiseSuppression_SystemNoiseProfile_3_417
-144            // LVAC_LVAC_NoiseSuppression_SystemNoiseProfile_3_418
-144            // LVAC_LVAC_NoiseSuppression_SystemNoiseProfile_3_419
-144            // LVAC_LVAC_NoiseSuppression_SystemNoiseProfile_3_420
-144            // LVAC_LVAC_NoiseSuppression_SystemNoiseProfile_3_421
-144            // LVAC_LVAC_NoiseSuppression_SystemNoiseProfile_3_422
-144            // LVAC_LVAC_NoiseSuppression_SystemNoiseProfile_3_423
-144            // LVAC_LVAC_NoiseSuppression_SystemNoiseProfile_3_424
-144            // LVAC_LVAC_NoiseSuppression_SystemNoiseProfile_3_425
-144            // LVAC_LVAC_NoiseSuppression_SystemNoiseProfile_3_426
-144            // LVAC_LVAC_NoiseSuppression_SystemNoiseProfile_3_427
-144            // LVAC_LVAC_NoiseSuppression_SystemNoiseProfile_3_428
-144            // LVAC_LVAC_NoiseSuppression_SystemNoiseProfile_3_429
-144            // LVAC_LVAC_NoiseSuppression_SystemNoiseProfile_3_430
-144            // LVAC_LVAC_NoiseSuppression_SystemNoiseProfile_3_431
-144            // LVAC_LVAC_NoiseSuppression_SystemNoiseProfile_3_432
-144            // LVAC_LVAC_NoiseSuppression_SystemNoiseProfile_3_433
-144            // LVAC_LVAC_NoiseSuppression_SystemNoiseProfile_3_434
-144            // LVAC_LVAC_NoiseSuppression_SystemNoiseProfile_3_435
-144            // LVAC_LVAC_NoiseSuppression_SystemNoiseProfile_3_436
-144            // LVAC_LVAC_NoiseSuppression_SystemNoiseProfile_3_437
-144            // LVAC_LVAC_NoiseSuppression_SystemNoiseProfile_3_438
-144            // LVAC_LVAC_NoiseSuppression_SystemNoiseProfile_3_439
-144            // LVAC_LVAC_NoiseSuppression_SystemNoiseProfile_3_440
-144            // LVAC_LVAC_NoiseSuppression_SystemNoiseProfile_3_441
-144            // LVAC_LVAC_NoiseSuppression_SystemNoiseProfile_3_442
-144            // LVAC_LVAC_NoiseSuppression_SystemNoiseProfile_3_443
-144            // LVAC_LVAC_NoiseSuppression_SystemNoiseProfile_3_444
-144            // LVAC_LVAC_NoiseSuppression_SystemNoiseProfile_3_445
-144            // LVAC_LVAC_NoiseSuppression_SystemNoiseProfile_3_446
-144            // LVAC_LVAC_NoiseSuppression_SystemNoiseProfile_3_447
-144            // LVAC_LVAC_NoiseSuppression_SystemNoiseProfile_3_448
-144            // LVAC_LVAC_NoiseSuppression_SystemNoiseProfile_3_449
-144            // LVAC_LVAC_NoiseSuppression_SystemNoiseProfile_3_450
-144            // LVAC_LVAC_NoiseSuppression_SystemNoiseProfile_3_451
-144            // LVAC_LVAC_NoiseSuppression_SystemNoiseProfile_3_452
-144            // LVAC_LVAC_NoiseSuppression_SystemNoiseProfile_3_453
-144            // LVAC_LVAC_NoiseSuppression_SystemNoiseProfile_3_454
-144            // LVAC_LVAC_NoiseSuppression_SystemNoiseProfile_3_455
-144            // LVAC_LVAC_NoiseSuppression_SystemNoiseProfile_3_456
-144            // LVAC_LVAC_NoiseSuppression_SystemNoiseProfile_3_457
-144            // LVAC_LVAC_NoiseSuppression_SystemNoiseProfile_3_458
-144            // LVAC_LVAC_NoiseSuppression_SystemNoiseProfile_3_459
-144            // LVAC_LVAC_NoiseSuppression_SystemNoiseProfile_3_460
-144            // LVAC_LVAC_NoiseSuppression_SystemNoiseProfile_3_461
-144            // LVAC_LVAC_NoiseSuppression_SystemNoiseProfile_3_462
-144            // LVAC_LVAC_NoiseSuppression_SystemNoiseProfile_3_463
-144            // LVAC_LVAC_NoiseSuppression_SystemNoiseProfile_3_464
-144            // LVAC_LVAC_NoiseSuppression_SystemNoiseProfile_3_465
-144            // LVAC_LVAC_NoiseSuppression_SystemNoiseProfile_3_466
-144            // LVAC_LVAC_NoiseSuppression_SystemNoiseProfile_3_467
-144            // LVAC_LVAC_NoiseSuppression_SystemNoiseProfile_3_468
-144            // LVAC_LVAC_NoiseSuppression_SystemNoiseProfile_3_469
-144            // LVAC_LVAC_NoiseSuppression_SystemNoiseProfile_3_470
-144            // LVAC_LVAC_NoiseSuppression_SystemNoiseProfile_3_471
-144            // LVAC_LVAC_NoiseSuppression_SystemNoiseProfile_3_472
-144            // LVAC_LVAC_NoiseSuppression_SystemNoiseProfile_3_473
-144            // LVAC_LVAC_NoiseSuppression_SystemNoiseProfile_3_474
-144            // LVAC_LVAC_NoiseSuppression_SystemNoiseProfile_3_475
-144            // LVAC_LVAC_NoiseSuppression_SystemNoiseProfile_3_476
-144            // LVAC_LVAC_NoiseSuppression_SystemNoiseProfile_3_477
-144            // LVAC_LVAC_NoiseSuppression_SystemNoiseProfile_3_478
-144            // LVAC_LVAC_NoiseSuppression_SystemNoiseProfile_3_479
-144            // LVAC_LVAC_NoiseSuppression_SystemNoiseProfile_3_480
-144            // LVAC_LVAC_NoiseSuppression_SystemNoiseProfile_3_481
-144            // LVAC_LVAC_NoiseSuppression_SystemNoiseProfile_3_482
-144            // LVAC_LVAC_NoiseSuppression_SystemNoiseProfile_3_483
-144            // LVAC_LVAC_NoiseSuppression_SystemNoiseProfile_3_484
-144            // LVAC_LVAC_NoiseSuppression_SystemNoiseProfile_3_485
-144            // LVAC_LVAC_NoiseSuppression_SystemNoiseProfile_3_486
-144            // LVAC_LVAC_NoiseSuppression_SystemNoiseProfile_3_487
-144            // LVAC_LVAC_NoiseSuppression_SystemNoiseProfile_3_488
-144            // LVAC_LVAC_NoiseSuppression_SystemNoiseProfile_3_489
-144            // LVAC_LVAC_NoiseSuppression_SystemNoiseProfile_3_490
-144            // LVAC_LVAC_NoiseSuppression_SystemNoiseProfile_3_491
-144            // LVAC_LVAC_NoiseSuppression_SystemNoiseProfile_3_492
-144            // LVAC_LVAC_NoiseSuppression_SystemNoiseProfile_3_493
-144            // LVAC_LVAC_NoiseSuppression_SystemNoiseProfile_3_494
-144            // LVAC_LVAC_NoiseSuppression_SystemNoiseProfile_3_495
-144            // LVAC_LVAC_NoiseSuppression_SystemNoiseProfile_3_496
-144            // LVAC_LVAC_NoiseSuppression_SystemNoiseProfile_3_497
-144            // LVAC_LVAC_NoiseSuppression_SystemNoiseProfile_3_498
-144            // LVAC_LVAC_NoiseSuppression_SystemNoiseProfile_3_499
-144            // LVAC_LVAC_NoiseSuppression_SystemNoiseProfile_3_500
-144            // LVAC_LVAC_NoiseSuppression_SystemNoiseProfile_3_501
-144            // LVAC_LVAC_NoiseSuppression_SystemNoiseProfile_3_502
-144            // LVAC_LVAC_NoiseSuppression_SystemNoiseProfile_3_503
-144            // LVAC_LVAC_NoiseSuppression_SystemNoiseProfile_3_504
-144            // LVAC_LVAC_NoiseSuppression_SystemNoiseProfile_3_505
-144            // LVAC_LVAC_NoiseSuppression_SystemNoiseProfile_3_506
-144            // LVAC_LVAC_NoiseSuppression_SystemNoiseProfile_3_507
-144            // LVAC_LVAC_NoiseSuppression_SystemNoiseProfile_3_508
-144            // LVAC_LVAC_NoiseSuppression_SystemNoiseProfile_3_509
-144            // LVAC_LVAC_NoiseSuppression_SystemNoiseProfile_3_510
-144            // LVAC_LVAC_NoiseSuppression_SystemNoiseProfile_3_511
-144            // LVAC_LVAC_NoiseSuppression_SystemNoiseProfile_3_512
0               
0               
6               
0               
-13             
1               
0               
-4              
2344            
4687            
0               
-15             
-3              
-20             
0               
9830            
1638            
655             
0               
-20             
0               
0               
300             
300             
0               
0               
0               
0               
32767           
0               
0               
10976           
0               
-96             
28642           
0               
0               
-13             
16384           
16384           
16384           
16384           
16384           
-12             
-18             
96              
440             
6826            
6826            
6826            
6826            
6826            
0               
1               
10              
60              
-15             
-15             
1               
0               
-6              
-6              
1000            
1000            
6               
6               
0               
0               
300             
0               
100             
1               
0               
20              
1               
50              
0               
5               
0               
1777            
700             
0               
0               
0               
0               
3               
10              
1               
0               
5000            
1000            
0               
0               
0               
0               
3               
10              
1               
0               
6800            
600             
0               
0               
0               
0               
3               
10              
1               
0               
20              
96              
0               
0               
0               
0               
3               
10              
1               
0               
20              
96              
0               
0               
0               
0               
3               
10              
1               
0               
20              
96              
0               
0               
0               
0               
3               
10              
1               
0               
20              
96              
0               
0               
0               
0               
3               
10              
1               
0               
20              
96              
0               
0               
0               
0               
3               
10              
1               
0               
20              
96              
0               
0               
0               
0               
3               
10              
1               
0               
20              
96              
0               
0               
0               
0               
3               
10              
1               
50              
0               
200             
100             
-16             
2000            
100             
-16             
1               
1               
20              
5               
0               
20              
0               
0               
200             
4000            
0               
-96             
-80             
-50             
-30             
0               
-96             
-80             
-50             
-30             
0               
0               
0               
20              
2               
1               
20              
0               
0               
10000           
10000           
0               
-96             
0               
0               
0               
0               
-96             
0               
0               
0               
0               
1               
0               
20              
2               
1               
20              
0               
0               
10000           
10000           
0               
-96             
0               
0               
0               
0               
-96             
0               
0               
0               
0               
1               
0               
20              
2               
1               
20              
0               
0               
10000           
10000           
0               
-96             
0               
0               
0               
0               
-96             
0               
0               
0               
0               
1               
0               
20              
2               
1               
20              
0               
0               
10000           
10000           
0               
-96             
0               
0               
0               
0               
-96             
0               
0               
0               
0               
1               
0               
1               
20              
5               
0               
20              
0               
0               
200             
4000            
0               
-85             
-75             
-50             
-24             
0               
-96             
-75             
-50             
-24             
-24             
0               
0               
1               
-2              
20              
0               
0               
90              
75              
100             
10              
10              
0               
0               
-20             
-20             
-96             
-20             
-6              
1               
50              
30              
500             
0               
1               
2               
3               
0               
1               
2               
3               
0               
0               
0               
0               
0               
-30             
0               
100             
96              
86              
6826            
6826            
6826            
6826            
6826            
6826            
6826            
6826            
6826            
6826            
0               
300             
100             
100             
600             
0               
0               

// Volume 0
